"","Collector_ID","GUID","Species","Continent","Country","State_Prov","Minimum_elevation_m","Month_Collected","Year_Collected","Latitude","Longitude","Age","Ear_Length_mm","Hindfoot_Length_mm","Reproductive_Data","Sex","Tail_Length_mm","Total_Length_mm","Body_Weight_g","Body_Length_mm","Absolute_Latitude"
"1","TAS070","MVZ:Mamm:230459","Mus musculus","North America","Canada","Alberta",699,7,2012,53.37981667,-113.5273667,"adult",13,18.5,NA,"female",95,155,14,60,53.37981667
"2","FMM136","MVZ:Mamm:231416","Mus musculus","South America","Argentina","Chubut",4,3,2013,-43.32616667,-65.47133333,NA,11,17,"nulliparous","female",60,122,5,62,43.32616667
"3","MPR139","MVZ:Mamm:230618","Mus musculus","North America","United States","New Hampshire",139,7,2012,44.17625,-71.94682,NA,12.5,17,"testes abdominal .2mm","male",65,127,8.25,62,44.17625
"4","MPR127","MVZ:Mamm:230605","Mus musculus","North America","United States","Georgia",224,6,2012,33.87025,-83.28893,NA,13,17.5,"nulliparous","female",67,132,9.25,65,33.87025
"5","TAS027","MVZ:Mamm:230566","Mus musculus","North America","United States","Utah",1369,6,2012,40.15815,-111.7032667,"adult",13,18,"nulliparous","female",72,137,7.6,65,40.15815
"6","MPR158","MVZ:Mamm:230643","Mus musculus","North America","United States","Virginia",77,8,2012,37.55354,-77.47402,NA,13,17.5,"testes abdominal L=4mm","male",62,128,7.75,66,37.55354
"7","MPR165","MVZ:Mamm:230644","Mus musculus","North America","United States","Virginia",73,8,2012,37.55811,-77.48073,NA,13.5,19,"testes scrotal, L=7.5","male",85,151,10.75,66,37.55811
"8","MPR119","MVZ:Mamm:230592","Mus musculus","North America","United States","Florida",37,5,2012,29.715073,-82.353545,NA,13,19,"nulliparous","female",80,148,11.13,68,29.715073
"9","MPR169","MVZ:Mamm:230636","Mus musculus","North America","United States","Virginia",39,8,2012,37.55537,-77.66149,NA,13.5,19,"parous","female",74,143,11,69,37.55537
"10","MPR125","MVZ:Mamm:230609","Mus musculus","North America","United States","Georgia",250,6,2012,34.09889,-83.34537,NA,13,17.5,"testes abdominal, L=6mm","male",68,137,11,69,34.09889
"11","TAS113","MVZ:Mamm:230469","Mus musculus","North America","Canada","Alberta",731,7,2012,53.5128,-113.87275,NA,13.5,18.5,"testis (7.5 x 4.0 mm)","male",79.5,150.5,11.5,71,53.5128
"12","MPR136","MVZ:Mamm:230620","Mus musculus","North America","United States","New Hampshire",141,7,2012,43.97281,-72.09393,NA,13,18,"parous","female",65,138,11,73,43.97281
"13","TAS098","MVZ:Mamm:230514","Mus musculus","North America","Canada","Alberta",623,7,2012,53.84298333,-113.2999333,"adult",13,17.9,"nulliparous","female",72,145.5,8.9,73.5,53.84298333
"14","MPR117","MVZ:Mamm:230598","Mus musculus","North America","United States","Florida",16,5,2012,29.10066,-82.14192,NA,13,17.5,"lactating, parous","female",74,148,12,74,29.10066
"15","TAS086","MVZ:Mamm:230453","Mus musculus","North America","Canada","Alberta",702,7,2012,53.50103333,-113.5347,"adult",13,18.5,"nulliparous","female",76,150,9.5,74,53.50103333
"16","MPR140","MVZ:Mamm:230621","Mus musculus","North America","United States","New Hampshire",141,7,2012,43.97281,-72.09393,NA,14,18,"testes scrotal, L=8mm","male",77,151,14,74,43.97281
"17","MPR150","MVZ:Mamm:230631","Mus musculus","North America","United States","Pennsylvania",182,7,2012,40.59571,-75.65891,NA,13,19,"parous","female",80,155,11.88,75,40.59571
"18","TAS082","MVZ:Mamm:230515","Mus musculus","North America","Canada","Alberta",755,7,2012,53.4087,-113.3190167,NA,13.5,18,NA,"female",85,160,12.6,75,53.4087
"19","TAS591","MVZ:Mamm:233028","Mus musculus","South America","Bolivia","Santa Cruz",409,8,2014,-17.73483333,-63.1696,NA,13,17.4,"scrotal testes 5.5x3.5mm","male",74,149,11.2,75,17.73483333
"20","FMM051","MVZ:Mamm:230349","Mus musculus","South America","Ecuador","Manabi",18,11,2012,-0.883,-80.13411667,"adult",14,14,"testes abdominal, 8x3 mm","male",79,154,14,75,0.883
"21","FMM161","MVZ:Mamm:231363","Mus musculus","South America","Brazil","Parana",508,5,2013,-23.38483333,-51.90816667,NA,15,18,"testes scrotal","male",NA,140,14,75,23.38483333
"22","MPR148","MVZ:Mamm:230628","Mus musculus","North America","United States","Pennsylvania",169,7,2012,40.45099,-75.40128,NA,14,18,"testes scrotal, L=8mm","male",86,161,13.25,75,40.45099
"23","MPR132","MVZ:Mamm:230614","Mus musculus","North America","United States","Georgia",230,7,2012,33.8437,-83.33744,NA,14,17.5,"parous","female",75,150.5,11,75.5,33.8437
"24","MPR123","MVZ:Mamm:230612","Mus musculus","North America","United States","Georgia",251,5,2012,34.0989,-83.3454,NA,13,17.5,"testes scrotal, length 7mm","male",76,151.5,11,75.5,34.0989
"25","FMM114","MVZ:Mamm:231400","Mus musculus","South America","Argentina","Buenos Aires",210,2,2013,-37.32751667,-59.0834,NA,14,19,"scrotal","male",91,167,12.5,76,37.32751667
"26","FMM294","MVZ:Mamm:231349","Mus musculus","South America","Brazil","Distrito Federal",1263,9,2013,-15.575,-48.01733333,NA,13,18,"testes abdominal; testis (8x4mm)","male",75,151,11,76,15.575
"27","TAS019","MVZ:Mamm:230580","Mus musculus","North America","United States","Utah",806,6,2012,37.06375,-113.5223333,"adult",14.1,17.4,"testes scrotal (7.5x4.5mm)","male",74.5,151,11,76.5,37.06375
"28","MPR108","MVZ:Mamm:230591","Mus musculus","North America","United States","Florida",40,5,2012,29.67445,-82.33093333,NA,14,19,"nulliparous","female",75,152,13,77,29.67445
"29","MPR159","MVZ:Mamm:230641","Mus musculus","North America","United States","Virginia",75,8,2012,37.74117,-77.57546,NA,14,18,"parous","female",78,155,14.75,77,37.74117
"30","MPR129","MVZ:Mamm:230615","Mus musculus","North America","United States","Georgia",228,6,2012,33.83757,-83.35049,NA,13,18,"testes abdominal, 5mm","male",65,142,12.75,77,33.83757
"31","FMM054","MVZ:Mamm:230347","Mus musculus","South America","Ecuador","Manabi",10,11,2012,-0.8461,-80.16485,"adult",11,17,"testes abdominal, 7x4 mm","male",78,155,13,77,0.8461
"32","MPR112","MVZ:Mamm:230593","Mus musculus","North America","United States","Florida",37,5,2012,29.778929,-82.416971,NA,14,19,"testes scrotal, L=8mm","male",78,155,12.75,77,29.778929
"33","TAS201","MVZ:Mamm:230537","Mus musculus","North America","United States","Arizona",719,9,2012,32.16696667,-111.0858833,"adult",14.3,17.6,"testes (7.5x4.5mm)","male",88,165.5,13.6,77.5,32.16696667
"34","FMM277","MVZ:Mamm:231389","Mus musculus","South America","Brazil","Rondonia",88,9,2013,-8.78430556,-63.80333333,NA,11,17,"testes abdominal, testis (4x2mm)","male",67,145,7,78,8.78430556
"35","MPR155","MVZ:Mamm:230632","Mus musculus","North America","United States","Pennsylvania",170,8,2012,40.70747,-75.66738,NA,13,19,"testes scrotal, L=7mm","male",80,158,14.5,78,40.70747
"36","MPR163","MVZ:Mamm:230637","Mus musculus","North America","United States","Virginia",89,8,2012,37.65501,-77.73977,NA,13,18,"testes scrotal, L=8mm","male",75,153,15.13,78,37.65501
"37","TAS099","MVZ:Mamm:230510","Mus musculus","North America","Canada","Alberta",651,7,2012,53.86151667,-113.3027333,"adult",14.5,18.6,NA,"male",87,165,13.6,78,53.86151667
"38","MPR151","MVZ:Mamm:230634","Mus musculus","North America","United States","Pennsylvania",153,8,2012,40.55189,-75.32455,NA,13,19,"testes scrotal, length 8mm","male",82.5,161,15,78.5,40.55189
"39","TAS018","MVZ:Mamm:230579","Mus musculus","North America","United States","Utah",806,6,2012,37.06375,-113.5223333,"adult",14,18.9,"parous (placental scars R2, L3)","female",72,151,11.9,79,37.06375
"40","TAS071","MVZ:Mamm:230461","Mus musculus","North America","Canada","Alberta",699,7,2012,53.37981667,-113.5273667,"adult",14.3,18.4,NA,"female",78,157,11.3,79,53.37981667
"41","FMM117","MVZ:Mamm:231406","Mus musculus","South America","Argentina","Buenos Aires",258,2,2013,-37.35333333,-59.20283333,NA,10,17,"abdominal","male",NA,132,11,79,37.35333333
"42","FMM175","MVZ:Mamm:231376","Mus musculus","South America","Brazil","Rio Grande do Sul",74,6,2013,-29.82416667,-57.19316667,NA,13,17,"testes abdominal; testis (7x3mm)","male",72,151,11.25,79,29.82416667
"43","FMM282","MVZ:Mamm:231342","Mus musculus","South America","Brazil","Distrito Federal",1264,9,2013,-15.63916667,-47.9095,NA,15,19,"testes scrotal","male",86,165,11.25,79,15.63916667
"44","MPR157","MVZ:Mamm:230626","Mus musculus","North America","United States","Pennsylvania",NA,8,2012,40.528098,-76.101673,NA,13.5,18,"testes scrotal, L=8mm","male",81,160,17.13,79,40.528098
"45","MPR173","MVZ:Mamm:230797","Mus musculus","North America","United States","Arizona",704,8,2012,32.26812,-111.02657,NA,14,19,"testes scrotal, length 8 mm","male",81,160,15.13,79,32.26812
"46","MPR130","MVZ:Mamm:230610","Mus musculus","North America","United States","Georgia",280,6,2012,34.94638,-83.3838,NA,13,18.5,"lactating, parous","female",88,168,16.13,80,34.94638
"47","FMM168","MVZ:Mamm:231370","Mus musculus","South America","Brazil","Rio Grande do Sul",77,6,2013,-29.8885,-57.20033333,NA,14,18,"Nulliparous","female",84,164,12,80,29.8885
"48","TAS032","MVZ:Mamm:230563","Mus musculus","North America","United States","Utah",1388,6,2012,40.10028333,-111.65455,"adult",13.5,20,"nulliparous","female",85,165,12.5,80,40.10028333
"49","FMM290","MVZ:Mamm:231339","Mus musculus","South America","Brazil","Distrito Federal",1086,9,2013,-15.94033333,-47.9255,NA,14,17,"parous","female",82,162,12,80,15.94033333
"50","MPR167","MVZ:Mamm:230635","Mus musculus","North America","United States","Virginia",109,8,2012,37.52756,-77.62756,NA,14,18,"parous","female",73,153,13,80,37.52756
"51","MPR160","MVZ:Mamm:230640","Mus musculus","North America","United States","Virginia",44,8,2012,37.703198,-77.401439,NA,14,18.5,"parous","female",81,161,16,80,37.703198
"52","TAS126","MVZ:Mamm:230473","Mus musculus","North America","Canada","Alberta",711,8,2012,53.39503333,-113.9378,"adult",14,18.5,NA,"female",85,165,14,80,53.39503333
"53","FMM173","MVZ:Mamm:231375","Mus musculus","South America","Brazil","Rio Grande do Sul",58,6,2013,-29.81683333,-57.2005,NA,14,19,"testes abdominal; testis (6x3mm)","male",74,154,11.25,80,29.81683333
"54","FMM164","MVZ:Mamm:231366","Mus musculus","South America","Brazil","Rio Grande do Sul",40,6,2013,-29.86916667,-57.18633333,NA,15,17,"testes abdominal; testis (7x3mm)","male",74,154,12,80,29.86916667
"55","TAS052","MVZ:Mamm:230554","Mus musculus","North America","United States","Montana",1042,6,2012,46.51061667,-114.0716667,"adult",13.8,19.4,"testes scrotal (7.0x4.3mm)","male",84,164,14.6,80,46.51061667
"56","FMM089","MVZ:Mamm:230426","Mus musculus","South America","Ecuador","Santo Domingo",465,12,2012,-0.20675,-79.18085,"adult",12,19,"testes scrotal 6x3mm","male",81,161,11.5,80,0.20675
"57","FMM104","MVZ:Mamm:230421","Mus musculus","South America","Ecuador","Santo Domingo",335,12,2012,-0.244183333,-79.33851667,"adult",12,15,"testes scrotal, 6x3mm","male",72,152,9.5,80,0.244183333
"58","MPR110","MVZ:Mamm:230601","Mus musculus","North America","United States","Florida",2,5,2012,29.6233,-82.34033333,NA,14,18,"testes scrotal, L=6mm","male",75,155,15.5,80,29.6233
"59","MPR126","MVZ:Mamm:230608","Mus musculus","North America","United States","Georgia",224,6,2012,34.11877,-83.57092,NA,13.5,19,"testes scrotal, L=8mm","male",80,160,18.5,80,34.11877
"60","MPR166","MVZ:Mamm:230639","Mus musculus","North America","United States","Virginia",76,8,2012,37.76063,-77.48351,NA,14,18.5,"tests scrotal, L=8.5","male",77,157,15,80,37.76063
"61","FMM134","MVZ:Mamm:231414","Mus musculus","South America","Argentina","Chubut",16,3,2013,-43.32166667,-65.53866667,NA,15,17,"parous","female",84,165,13,81,43.32166667
"62","FMM071","MVZ:Mamm:230384","Mus musculus","South America","Ecuador","Pichincha",1377,12,2012,0.0741,-78.66811667,"adult",14,19,"parous","female",79,160,12,81,0.0741
"63","MPR137","MVZ:Mamm:230619","Mus musculus","North America","United States","New Hampshire",177,7,2012,43.99797,-72.10448,NA,13,17,"parous","female",71,152,13.38,81,43.99797
"64","MPR152","MVZ:Mamm:230629","Mus musculus","North America","United States","Pennsylvania",322,8,2012,40.53107,-75.34738,NA,14,19,"testes scrotal, L=10mm","male",81,162,15,81,40.53107
"65","MPR128","MVZ:Mamm:230606","Mus musculus","North America","United States","Georgia",224,6,2012,33.87025,-83.28893,NA,14,17,"testes scrotal, L=9mm","male",73,154,15.75,81,33.87025
"66","MPR143","MVZ:Mamm:230647","Mus musculus","North America","United States","Vermont",182,7,2012,43.927907,-72.12301,NA,13,19,"testes scrotal, 9mm","male",80,161.5,15.5,81.5,43.927907
"67","TAS009","MVZ:Mamm:230538","Mus musculus","North America","United States","Arizona",NA,9,2012,32.28135,-110.94995,"adult",14,18.6,"parous","female",82.5,164.5,12.4,82,32.28135
"68","MPR154","MVZ:Mamm:230623","Mus musculus","North America","United States","Pennsylvania",NA,8,2012,40.461968,-76.08789,NA,14,17.5,"parous","female",86,168,17.25,82,40.461968
"69","FMM046","MVZ:Mamm:230359","Mus musculus","South America","Ecuador","Manabi",100,11,2012,-1.079383333,-80.53991667,"adult",17,17,"testes abdominal, 6x2 mm","male",70,152,14.5,82,1.079383333
"70","MPR116","MVZ:Mamm:230597","Mus musculus","North America","United States","Florida",24,5,2012,29.39018,-82.1299,NA,13,18.5,"testes scrotal, L=8mm","male",78,160,14.25,82,29.39018
"71","DL007","MVZ:Mamm:230441","Mus musculus","North America","United States","Arizona",845,5,2012,32.17002,-110.78325,NA,14,20,"testes scrotal, length 8 mm","male",90,172,17.25,82,32.17002
"72","TAS022","MVZ:Mamm:230582","Mus musculus","North America","United States","Utah",1176,6,2012,37.20693333,-113.617,"adult",14.1,17.1,"parous (placental scars R5, L1)","female",75.5,158,14.4,82.5,37.20693333
"73","MPR120","MVZ:Mamm:230594","Mus musculus","North America","United States","Florida",92,5,2012,29.7828,-82.3755,NA,14,18,"testes scrotal (t=8)","male",86,168.5,14,82.5,29.7828
"74","MPR134","MVZ:Mamm:230616","Mus musculus","North America","United States","New Hampshire",110,7,2012,44.11202,-72.04543,NA,14,19,"parous","female",89,172,19.13,83,44.11202
"75","TAS105","MVZ:Mamm:230466","Mus musculus","North America","Canada","Alberta",731,7,2012,53.5128,-113.87275,NA,19.5,17.5,NA,"female",94,177,15.5,83,53.5128
"76","FMM266","MVZ:Mamm:231392","Mus musculus","South America","Brazil","Rondonia",92,9,2013,-8.77152778,-63.80277778,NA,13,19,"abd","male",79,162,10,83,8.77152778
"77","FMM163","MVZ:Mamm:231365","Mus musculus","South America","Brazil","Rio Grande do Sul",40,6,2013,-29.86916667,-57.18633333,NA,14,18,"testes abdominal; testis (7x3mm)","male",88,171,13.5,83,29.86916667
"78","FMM268","MVZ:Mamm:231382","Mus musculus","South America","Brazil","Rondonia",97,9,2013,-8.77155556,-63.7975,NA,15,18,"testes abdominal; testis length (8x3mm)","male",81,164,12.25,83,8.77155556
"79","TAS595","MVZ:Mamm:233025","Mus musculus","South America","Bolivia","Santa Cruz",281,8,2014,-17.328,-63.25648333,NA,14,17.9,"testes scrotal","male",81,164,12.9,83,17.328
"80","FMM103","MVZ:Mamm:230430","Mus musculus","South America","Ecuador","Santo Domingo",477,12,2012,-0.1897334,-79.20175,"adult",13,18,"testes scrotal, 7x3mm","male",79,162,13.5,83,0.1897334
"81","FMM165","MVZ:Mamm:231367","Mus musculus","South America","Brazil","Rio Grande do Sul",44,6,2013,-29.88816667,-57.234,NA,13,18,"testes scrotal; testis (8x4mm)","male",82,165,14,83,29.88816667
"82","TAS103","MVZ:Mamm:230496","Mus musculus","North America","Canada","Alberta",768,7,2012,53.39563333,-113.1895667,"adult",12,18.1,NA,"male",76,159,17,83,53.39563333
"83","TAS050","MVZ:Mamm:230550","Mus musculus","North America","United States","Montana",1054,6,2012,46.35286667,-114.1194,"adult",14.1,18.3,"parous (placental scars R3, L4, color gray)","female",82.5,166,15,83.5,46.35286667
"84","FMM158","MVZ:Mamm:231360","Mus musculus","South America","Brazil","Parana",539,5,2013,-23.452,-51.90733333,NA,13.5,17,"nulliparous","female",81,165,11.5,84,23.452
"85","MPR115","MVZ:Mamm:230595","Mus musculus","North America","United States","Florida",37,5,2012,29.45224,-82.3403,NA,13,18.5,"parous","female",85,169,14,84,29.45224
"86","MPR113","MVZ:Mamm:230590","Mus musculus","North America","United States","Florida",15,5,2012,29.78685,-82.495877,NA,13.5,19,"parous","female",82,166,11.38,84,29.78685
"87","TAS193","MVZ:Mamm:230524","Mus musculus","North America","United States","Arizona",691,9,2012,32.14655,-111.0110833,"adult",14,17.3,"parous (placental scars R3, L2, yellow color)","female",81,165,12.3,84,32.14655
"88","TAS074","MVZ:Mamm:230455","Mus musculus","North America","Canada","Alberta",732,7,2012,53.42443333,-113.4043167,"adult",19.5,18.5,NA,"female",78,162,17.5,84,53.42443333
"89","FMM116","MVZ:Mamm:231405","Mus musculus","South America","Argentina","Buenos Aires",258,2,2013,-37.35333333,-59.20283333,NA,12,20,"scrotal; Testis: 7.0 x 4.0mm","male",76,160,12.5,84,37.35333333
"90","FMM148","MVZ:Mamm:231351","Mus musculus","South America","Brazil","Parana",555,5,2013,-23.457,-51.9925,NA,17,17,"testes scrotal; testis (7x3mm)","male",78,162,11.5,84,23.457
"91","FMM149","MVZ:Mamm:231352","Mus musculus","South America","Brazil","Parana",555,5,2013,-23.457,-51.9925,NA,14,18,"testes scrotal; testis (7x3mm)","male",77,161,13.5,84,23.457
"92","FMM152","MVZ:Mamm:231355","Mus musculus","South America","Brazil","Parana",547,5,2013,-23.457,-51.9925,NA,14,16,"testes scrotal; testis (8x4mm)","male",80,164,14.5,84,23.457
"93","TAS024","MVZ:Mamm:230577","Mus musculus","North America","United States","Utah",860,6,2012,37.12788333,-113.60665,"adult",14.8,19.3,"testes scrotal (7.5 x 4.9mm)","male",90.5,175,12.6,84.5,37.12788333
"94","FMM170","MVZ:Mamm:231372","Mus musculus","South America","Brazil","Rio Grande do Sul",82,6,2013,-29.885,-57.18516667,NA,14,17,"parous","female",80,165,14,85,29.885
"95","TAS594","MVZ:Mamm:233024","Mus musculus","South America","Bolivia","Santa Cruz",198,8,2014,-17.32675,-63.25708333,NA,14.2,18.5,"parous","female",87,172,13.8,85,17.32675
"96","FMM278","MVZ:Mamm:231393","Mus musculus","South America","Brazil","Rondonia",88,9,2013,-8.783833333,-63.80183333,NA,14,17,"parous","female",85,170,13,85,8.783833333
"97","TAS014","MVZ:Mamm:230572","Mus musculus","North America","United States","Utah",807,6,2012,37.08526667,-113.4999167,"adult",14.5,19,"testes abdominal (7.2x4.5mm)","male",89,174,13,85,37.08526667
"98","DL009","MVZ:Mamm:230443","Mus musculus","North America","United States","Arizona",841,5,2012,32.17241,-110.78789,NA,19,18,"testes abdominal, length 7 mm","male",90,175,14,85,32.17241
"99","FMM128","MVZ:Mamm:231428","Mus musculus","South America","Argentina","Tierra del Fuego",95,2,2013,-54.78588333,-68.27556667,NA,15,18,"testes abdominal; Testis (7.0 x 4.0mm)","male",84,169,13,85,54.78588333
"100","FMM153","MVZ:Mamm:231350","Mus musculus","South America","Brazil","Parana",522,5,2013,-23.44316667,-52.023,NA,14,19,"testes abdominal; testis (7x3mm)","male",79,164,12,85,23.44316667
"101","TAS046","MVZ:Mamm:230557","Mus musculus","North America","United States","Utah",1383,6,2012,40.37465,-111.8774333,"adult",13.5,19.4,"testes scrotal (6.0x4.0mm)","male",81,166,13.1,85,40.37465
"102","TAS066","MVZ:Mamm:230546","Mus musculus","North America","United States","Montana",886,7,2012,46.9714,-114.1268833,"adult",14.6,20,"testes abdominal (7.0x4.5mm)","male",88.5,174,14,85.5,46.9714
"103","TAS063","MVZ:Mamm:230545","Mus musculus","North America","United States","Montana",886,6,2012,47.52993333,-114.1182333,"adult",15.5,18.2,"nulliparous","female",71.5,157.5,15.5,86,47.52993333
"104","FMM281","MVZ:Mamm:231341","Mus musculus","South America","Brazil","Distrito Federal",1264,9,2013,-15.63916667,-47.9095,NA,12,18,"parous","female",73,159,14,86,15.63916667
"105","MPR146","MVZ:Mamm:230633","Mus musculus","North America","United States","Pennsylvania",64,7,2012,40.618763,-75.36362,NA,15,19,"parous","female",77,163,13.13,86,40.618763
"106","TAS023","MVZ:Mamm:230576","Mus musculus","North America","United States","Utah",860,6,2012,37.12788333,-113.60665,"adult",14.5,18,"parous (total placental scars R3, L2. But R2, L1 are yellow colored. R1, L1 are black colored).","female",79,165,14.3,86,37.12788333
"107","TAS040","MVZ:Mamm:230556","Mus musculus","North America","United States","Utah",1383,6,2012,40.37465,-111.8774333,"adult",13.6,18.5,"parous placental scars (R1, L0)","female",86,172,16.6,86,40.37465
"108","TAS592","MVZ:Mamm:233029","Mus musculus","South America","Bolivia","Santa Cruz",409,8,2014,-17.73483333,-63.1696,NA,12.5,18.4,"parous, placental scars 3R 4L","female",82,168,14.2,86,17.73483333
"109","FMM137","MVZ:Mamm:231417","Mus musculus","South America","Argentina","Chubut",4,3,2013,-43.32616667,-65.47133333,NA,15,18,"abdominal","male",84,170,15,86,43.32616667
"110","FMM065","MVZ:Mamm:230358","Mus musculus","South America","Ecuador","Manabi",4,11,2012,-0.84985,-80.15636667,"adult",12,17,"testes abdominal, 7x3mm","male",70,156,12.5,86,0.84985
"111","MPR141","MVZ:Mamm:230648","Mus musculus","North America","United States","Vermont",156,7,2012,43.95075,-72.12301,NA,14,18,"testes scrotal, 6mm","male",60,146,19.5,86,43.95075
"112","MPR162","MVZ:Mamm:230645","Mus musculus","North America","United States","Virginia",47,8,2012,37.48763,-77.40208,NA,14,19,"testes scrotal, L=7mm","male",91,177,17.25,86,37.48763
"113","MPR138","MVZ:Mamm:230622","Mus musculus","North America","United States","New Hampshire",175,7,2012,43.97192,-72.08463,NA,14.5,18.5,"testes scrotal, L=7mm","male",82,168,14.75,86,43.97192
"114","FMM155","MVZ:Mamm:231357","Mus musculus","South America","Brazil","Parana",585,5,2013,-23.42516667,-51.96966667,NA,13,18,"testes scrotal; testis (7x3mm)","male",84,170,14.75,86,23.42516667
"115","TAS194","MVZ:Mamm:230525","Mus musculus","North America","United States","Arizona",690,9,2012,32.29055,-111.0208,"adult",14.4,18.4,"testes (7.0x5.0mm)","male",89,175.1,14.4,86.1,32.29055
"116","TAS072","MVZ:Mamm:230460","Mus musculus","North America","Canada","Alberta",699,7,2012,53.37981667,-113.5273667,"adult",13.6,20.5,"nulliparous","female",84,170.5,13.6,86.5,53.37981667
"117","TAS132","MVZ:Mamm:230482","Mus musculus","North America","Canada","Alberta",708,8,2012,53.39951667,-113.95965,"adult",14,19.5,NA,"female",81,167.5,15.8,86.5,53.39951667
"118","FMM292","MVZ:Mamm:231347","Mus musculus","South America","Brazil","Distrito Federal",1229,9,2013,-15.6025,-47.968,NA,15,16,"parous","female",65,152,10.5,87,15.6025
"119","FMM271","MVZ:Mamm:231385","Mus musculus","South America","Brazil","Rondonia",77,9,2013,-8.7645,-63.83972222,NA,16,17,"parous","female",84,171,12.25,87,8.7645
"120","MPR171","MVZ:Mamm:230795","Mus musculus","North America","United States","Arizona",642,8,2012,32.29215,-111.026311,NA,14,18.5,"parous","female",86,173,17.25,87,32.29215
"121","TAS145","MVZ:Mamm:230480","Mus musculus","North America","Canada","Alberta",708,8,2012,53.39951667,-113.95965,"adult",14.8,19.1,NA,"female",81,168,17,87,53.39951667
"122","TAS073","MVZ:Mamm:230454","Mus musculus","North America","Canada","Alberta",732,7,2012,53.42443333,-113.4043167,"adult",18.5,16,NA,"female",69,156,21,87,53.42443333
"123","MPR147","MVZ:Mamm:230627","Mus musculus","North America","United States","Pennsylvania",115,7,2012,40.50319,-75.3174,NA,14,19,"testes scrotal, L=8mm","male",85,172,16,87,40.50319
"124","TAS202","MVZ:Mamm:230530","Mus musculus","North America","United States","Arizona",802,9,2012,32.13258333,-111.0615333,"adult",14.7,18.4,"parous (placental scars R6, L2, color black)","female",88,175.5,15.9,87.5,32.13258333
"125","TAS055","MVZ:Mamm:230548","Mus musculus","North America","United States","Montana",986,6,2012,46.85771667,-113.9860833,"adult",13.5,18.5,"testes scrotal, 7.8 x 6.0 mm","male",79,166.5,18.5,87.5,46.85771667
"126","MPR144","MVZ:Mamm:230651","Mus musculus","North America","United States","Vermont",120,7,2012,44.12806,-72.04328,NA,14,18.5,"testes scrotal, length=9mm","male",82.5,170,18.25,87.5,44.12806
"127","FMM126","MVZ:Mamm:231426","Mus musculus","South America","Argentina","Tierra del Fuego",95,2,2013,-54.78588333,-68.27556667,NA,12,17,"nulliparous","female",77,165,12.25,88,54.78588333
"128","FMM139","MVZ:Mamm:231419","Mus musculus","South America","Argentina","Chubut",3,3,2013,-43.32516667,-65.47633333,NA,14,17,"parous","female",80,168,14.25,88,43.32516667
"129","FMM293","MVZ:Mamm:231348","Mus musculus","South America","Brazil","Distrito Federal",1263,9,2013,-15.575,-48.01733333,NA,14,16,"parous","female",84,172,11.25,88,15.575
"130","TAS097","MVZ:Mamm:230509","Mus musculus","North America","Canada","Alberta",651,7,2012,53.86151667,-113.3027333,"adult",15.5,18.5,"testes (7.5x3.5mm)","male",83,171,16.5,88,53.86151667
"131","TAS192","MVZ:Mamm:230523","Mus musculus","North America","United States","Arizona",691,5,2012,32.14655,-111.0110833,"adult",16.6,19.3,"testes scrotal (8.0x4.0mm)","male",100.5,188.5,20.9,88,32.14655
"132","TAS026","MVZ:Mamm:230584","Mus musculus","North America","United States","Utah",1176,6,2012,37.20693333,-113.617,"adult",15,18.9,"testes scrotal (8.0x5.0mm)","male",85,173,19.3,88,37.20693333
"133","TAS187","MVZ:Mamm:230541","Mus musculus","North America","United States","Arizona",700,9,2012,32.28135,-110.94995,"adult",16,19,"testes scrotal (9.0x5.5mm)","male",94.5,182.5,18.7,88,32.28135
"134","DL004","MVZ:Mamm:230438","Mus musculus","North America","United States","Arizona",657,5,2012,32.28721,-110.99599,NA,12,15,"testes scrotal, 8 x 4 mm","male",76,164,15.25,88,32.28721
"135","TAS025","MVZ:Mamm:230583","Mus musculus","North America","United States","Utah",1176,6,2012,37.20693333,-113.617,"adult",15.5,19.2,"testes scrotal (7.0x4.5mm)","male",93.5,182,18.1,88.5,37.20693333
"136","TAS094","MVZ:Mamm:230505","Mus musculus","North America","Canada","Alberta",747,7,2012,53.43976667,-113.06955,"adult",14,17.5,"nulliparous","female",81,170,12.8,89,53.43976667
"137","FMM291","MVZ:Mamm:231340","Mus musculus","South America","Brazil","Distrito Federal",1059,9,2013,-15.93733333,-47.93766667,NA,14,18,"parous","female",83,172,12,89,15.93733333
"138","FMM267","MVZ:Mamm:231381","Mus musculus","South America","Brazil","Rondonia",94,9,2013,-8.783666667,-63.84166667,NA,16,18,"parous","female",76,165,12.5,89,8.783666667
"139","MPR170","MVZ:Mamm:230794","Mus musculus","North America","United States","Arizona",657,8,2012,32.28721,-110.99599,NA,13,18,"parous","female",81,170,15.5,89,32.28721
"140","FMM156","MVZ:Mamm:231358","Mus musculus","South America","Brazil","Parana",556,5,2013,-23.419,-51.8595,NA,13,18,"abdominal; testis (7x3mm)","male",91,180,14.25,89,23.419
"141","FMM105","MVZ:Mamm:230434","Mus musculus","South America","Ecuador","Santo Domingo",487,12,2012,-0.27955,-79.21178333,"adult",14,20,"testes abdominal, 6x3mm","male",84,173,12.75,89,0.27955
"142","TAS200","MVZ:Mamm:230535","Mus musculus","North America","United States","Arizona",719,9,2012,32.16696667,-111.0858833,"adult",15.5,20,"parous (placental scars R3, L3, color yellow)","female",96,185.5,17.3,89.5,32.16696667
"143","TAS006","MVZ:Mamm:230521","Mus musculus","North America","United States","Arizona",657,5,2012,32.4791,-111.6599333,"adult",15.5,18.9,"testes scrotal (7.0x4.5mm)","male",82,171.5,15.4,89.5,32.4791
"144","TAS030","MVZ:Mamm:230562","Mus musculus","North America","United States","Utah",1373,6,2012,40.13268333,-111.7303833,"adult",14.5,17.9,"testes scrotal (7.5x4.5mm)","male",85,174.5,17.2,89.5,40.13268333
"145","MPR111","MVZ:Mamm:230602","Mus musculus","North America","United States","Florida",2,5,2012,29.6233,-82.34033333,NA,14,18,"lactating, parous","female",75,165,15.5,90,29.6233
"146","TAS048","MVZ:Mamm:230551","Mus musculus","North America","United States","Montana",1062,6,2012,46.32751667,-114.11205,"adult",14.5,19,"lactating, parous (placental scars R5, L1, color yellow)","female",83.5,173.5,20.2,90,46.32751667
"147","FMM072","MVZ:Mamm:230385","Mus musculus","South America","Ecuador","Pichincha",1377,12,2012,0.0741,-78.66811667,"adult",12,17,"parous","female",85,175,13.5,90,0.0741
"148","TAS197","MVZ:Mamm:230528","Mus musculus","North America","United States","Arizona",690,9,2012,32.29055,-111.0208,"adult",15,20.4,"parous (placental scars R3, L4)","female",94,184,17.2,90,32.29055
"149","TAS005","MVZ:Mamm:230520","Mus musculus","North America","United States","Arizona",657,5,2012,32.4791,-111.6599333,"adult",14.5,18,"testes scrotal (7.5x4.8mm)","female",79,169,14.5,90,32.4791
"150","FMM143","MVZ:Mamm:231423","Mus musculus","South America","Argentina","Chubut",9,3,2013,-43.323,-65.3715,NA,12,18,"testes abdominal","male",83,173,18,90,43.323
"151","TAS038","MVZ:Mamm:230559","Mus musculus","North America","United States","Utah",1375,6,2012,40.2556,-111.71025,"adult",13.5,18.1,"testes scrotal (7.6x4.3mm)","male",81,171,17.2,90,40.2556
"152","FMM102","MVZ:Mamm:230429","Mus musculus","South America","Ecuador","Santo Domingo",477,12,2012,-0.1897334,-79.20175,"adult",13,17,"testes scrotal, 7x3mm","male",79,169,15.5,90,0.1897334
"153","FMM107","MVZ:Mamm:230432","Mus musculus","South America","Ecuador","Santo Domingo",481,12,2012,-0.29945,-79.21578333,"adult",13,19,"testes scrotal, 7x4mm","male",81,171,12.5,90,0.29945
"154","FMM100","MVZ:Mamm:230423","Mus musculus","South America","Ecuador","Santo Domingo",361,12,2012,-0.2443,-79.32743333,"adult",14,20,"testes scrotal, 8x4mm","male",84,174,15,90,0.2443
"155","TAS137","MVZ:Mamm:230483","Mus musculus","North America","Canada","Alberta",705,8,2012,53.44463333,-113.9082,"adult",15.1,20,NA,"female",91,181.5,18.48,90.5,53.44463333
"156","FMM058","MVZ:Mamm:230363","Mus musculus","South America","Ecuador","Manabi",73,11,2012,-1.0808,-80.52325,"adult",19,20,"nulliparous","female",83,174,17.25,91,1.0808
"157","TAS195","MVZ:Mamm:230526","Mus musculus","North America","United States","Arizona",690,9,2012,32.29055,-111.0208,"adult",14.4,18,"parous (placental scars R2, L3 and more small scars). Gave birth at least twice.","female",95,186,18.2,91,32.29055
"158","TAS188","MVZ:Mamm:230542","Mus musculus","North America","United States","Arizona",700,9,2012,32.28135,-110.94995,"adult",15,19.5,"parous (placental scars R5, L0)","female",91,182,18.2,91,32.28135
"159","TAS100","MVZ:Mamm:230503","Mus musculus","North America","Canada","Alberta",747,7,2012,53.43976667,-113.06955,"adult",15.5,19,NA,"female",88,179,16.5,91,53.43976667
"160","FMM120","MVZ:Mamm:231404","Mus musculus","South America","Argentina","Buenos Aires",210,2,2013,-37.31618333,-59.10231667,NA,14,17,"scrotal","male",77,168,15.25,91,37.31618333
"161","FMM133","MVZ:Mamm:231413","Mus musculus","South America","Argentina","Chubut",5,3,2013,-43.3245,-65.54166667,NA,14,18,"scrotal; testis (8.0 x 3.0mm)","male",81,172,16.5,91,43.3245
"162","TAS012","MVZ:Mamm:230570","Mus musculus","North America","United States","Utah",795,6,2012,37.10691667,-113.5035833,"adult",13,18.5,"testes abdominal (7.0x4.5mm)","male",84,175,16.8,91,37.10691667
"163","TAS039","MVZ:Mamm:230560","Mus musculus","North America","United States","Utah",1389,6,2012,40.369,-111.7672,"adult",14.5,19.5,"testes scrotal (7.0x5.0mm)","male",89,180,20.5,91,40.369
"164","TAS017","MVZ:Mamm:230569","Mus musculus","North America","United States","Utah",831,6,2012,37.1225,-113.6154667,"adult",14.2,19.2,"testes scrotal (7.5x4.8mm)","male",92,183,18.1,91,37.1225
"165","MPR164","MVZ:Mamm:230642","Mus musculus","North America","United States","Virginia",51,8,2012,37.67885,-77.5166,NA,14,19,"tests scrotal, L=8mm","male",93,184,18.25,91,37.67885
"166","TAS154","MVZ:Mamm:230484","Mus musculus","North America","Canada","Alberta",706,8,2012,53.46973333,-113.8879667,"adult",14,17,NA,"male",79,170,17.25,91,53.46973333
"167","TAS051","MVZ:Mamm:230553","Mus musculus","North America","United States","Montana",1032,6,2012,46.41021667,-114.0861667,"adult",13.9,19.6,"parous, placental scar (R4, L4, color grey, old and small size)","female",87.5,179,16.7,91.5,46.41021667
"168","TAS010","MVZ:Mamm:230573","Mus musculus","North America","United States","Utah",760,6,2012,37.04235,-113.61675,"adult",13,17.1,"testes scrotal (8.0x5.0mm)","male",81.5,173,16.1,91.5,37.04235
"169","FMM167","MVZ:Mamm:231369","Mus musculus","South America","Brazil","Rio Grande do Sul",67,6,2013,-29.87116667,-57.13416667,NA,14,18,"Nulliparous","female",79,171,16.75,92,29.87116667
"170","FMM057","MVZ:Mamm:230354","Mus musculus","South America","Ecuador","Manabi",15,11,2012,-0.854933333,-80.16285,"adult",14,18,"testes abdominal, 8x3 mm","male",78,170,12.75,92,0.854933333
"171","TAS029","MVZ:Mamm:230564","Mus musculus","North America","United States","Utah",1392,6,2012,40.0977,-111.6736833,"adult",14.5,19.5,"testes scrotal (7.5 x 5.0mm)","male",86.5,178.5,18.4,92,40.0977
"172","TAS033","MVZ:Mamm:230565","Mus musculus","North America","United States","Utah",1392,6,2012,40.0977,-111.6736833,"adult",14,18.5,"nulliparous","female",84,176.5,16.9,92.5,40.0977
"173","FMM144","MVZ:Mamm:231424","Mus musculus","South America","Argentina","Chubut",9,3,2013,-43.33833333,-66.56733333,NA,14,18,"parous","female",77,170,17.5,93,43.33833333
"174","FMM157","MVZ:Mamm:231359","Mus musculus","South America","Brazil","Parana",539,5,2013,-23.452,-51.90733333,NA,15,18,"parous","female",91,184,13,93,23.452
"175","FMM288","MVZ:Mamm:231337","Mus musculus","South America","Brazil","Distrito Federal",1086,9,2013,-15.94033333,-47.9255,NA,14,18,"parous","female",85,178,15.5,93,15.94033333
"176","MPR135","MVZ:Mamm:230617","Mus musculus","North America","United States","New Hampshire",63,7,2012,44.11212,-72.04551,NA,15,18.5,"parous","female",85,178,21.38,93,44.11212
"177","FMM142","MVZ:Mamm:231422","Mus musculus","South America","Argentina","Chubut",3,3,2013,-43.29075,-65.40015,NA,14,20,"scrotal; Testis (7.0 x 4.0mm)","male",80,173,13,93,43.29075
"178","TAS203","MVZ:Mamm:230539","Mus musculus","North America","United States","Arizona",700,9,2012,32.28135,-110.94995,"adult",15.6,20.3,"testes scrotal (8.0x5.0mm)","male",94,187,17.8,93,32.28135
"179","MPR172","MVZ:Mamm:230796","Mus musculus","North America","United States","Arizona",649,8,2012,32.2904,-111.02068,NA,14,19.75,"testes scrotal, length 10 mm","male",99,192,21.25,93,32.2904
"180","FMM154","MVZ:Mamm:231356","Mus musculus","South America","Brazil","Parana",573,5,2013,-23.42016667,-51.95766667,NA,19,19,"testes scrotal; testis (8x4mm)","male",88,181,18.75,93,23.42016667
"181","TAS011","MVZ:Mamm:230568","Mus musculus","North America","United States","Utah",699,6,2012,37.08921667,-113.5314333,"adult",13.5,18.1,"parous","female",82.5,176,19.4,93.5,37.08921667
"182","TAS139","MVZ:Mamm:230489","Mus musculus","North America","Canada","Alberta",712,8,2012,53.40786667,-113.9071167,"adult",14.6,19.4,"parous, (placental scars, R0, L3, color gray)","female",84,178,21.8,94,53.40786667
"183","FMM096","MVZ:Mamm:230420","Mus musculus","South America","Ecuador","Santo Domingo",320,12,2012,-0.243916667,-79.33693333,"adult",13,19,"testes abdominal, 6x3mm","male",84,178,11.5,94,0.243916667
"184","TAS140","MVZ:Mamm:230490","Mus musculus","North America","Canada","Alberta",712,8,2012,53.40786667,-113.9071167,"adult",14.6,19,"parous (placental scars: R5, L3, color yellow)","female",88,182.5,18.6,94.5,53.40786667
"185","TAS191","MVZ:Mamm:230531","Mus musculus","North America","United States","Arizona",802,9,2012,32.13258333,-111.0615333,"adult",15.5,20.4,"parous, lactating, (placental scars: R4, L5)","female",96,190.5,20.6,94.5,32.13258333
"186","FMM122","MVZ:Mamm:231408","Mus musculus","South America","Argentina","Buenos Aires",201,2,2013,-37.29083333,-59.20061667,NA,12,18,"parous","female",15,110,14.25,95,37.29083333
"187","FMM162","MVZ:Mamm:231364","Mus musculus","South America","Brazil","Rio Grande do Sul",49,6,2013,-29.8905,-57.1255,NA,13,17,"parous","female",76,171,14,95,29.8905
"188","TAS135","MVZ:Mamm:230487","Mus musculus","North America","Canada","Alberta",712,8,2012,53.40786667,-113.9071167,"adult",14.5,18.5,NA,"female",86,181,18,95,53.40786667
"189","FMM276","MVZ:Mamm:231388","Mus musculus","South America","Brazil","Rondonia",88,9,2013,-8.78430556,-63.80333333,NA,15,16,"parous","female",81,177,13.5,96,8.78430556
"190","MPR156","MVZ:Mamm:230625","Mus musculus","North America","United States","Pennsylvania",NA,8,2012,40.526708,-76.097258,NA,14,19,"parous","female",90,186,21,96,40.526708
"191","TAS149","MVZ:Mamm:230491","Mus musculus","North America","Canada","Alberta",712,8,2012,53.40786667,-113.9071167,"adult",15.9,18.5,NA,"female",82.5,179,23.8,96.5,53.40786667
"192","FMM052","MVZ:Mamm:230350","Mus musculus","South America","Ecuador","Manabi",18,11,2012,-0.883,-80.13411667,"adult",14,19,"nulliparous","female",55,152,15.5,97,0.883
"193","TAS091","MVZ:Mamm:237801","Mus musculus","North America","Canada","Alberta",755,7,2012,53.4087,-113.3190167,"adult",13,19,NA,"female",92.5,190,20.9,97.5,53.4087
"194","MPR145","MVZ:Mamm:230650","Mus musculus","North America","United States","Vermont",156,7,2012,43.95596,-72.11164,NA,14,18.5,"lactating, parous","female",80,178,21,98,43.95596
"195","FMM099","MVZ:Mamm:230422","Mus musculus","South America","Ecuador","Santo Domingo",361,12,2012,-0.2443,-79.32743333,"adult",14,18,"nulliparous","female",68,166,10.25,98,0.2443
"196","FMM166","MVZ:Mamm:231368","Mus musculus","South America","Brazil","Rio Grande do Sul",61,6,2013,-29.87583333,-57.1725,NA,15,19,"parous","female",94,192,24.5,98,29.87583333
"197","FMM101","MVZ:Mamm:230424","Mus musculus","South America","Ecuador","Santo Domingo",333,12,2012,-0.244133333,-79.33191667,"adult",14,18,"parous","female",64,162,9.5,98,0.244133333
"198","TAS076","MVZ:Mamm:230516","Mus musculus","North America","Canada","Alberta",705,7,2012,53.72055,-113.3814,"adult",20,18,"parous (placental scars: R4, L5, color yellow)","female",85,183,25,98,53.72055
"199","FMM147","MVZ:Mamm:231396","Mus musculus","South America","Argentina","Buenos Aires",112,4,2013,-37.76056667,-59.29883333,NA,15,19,"scrotal","male",90,188,19,98,37.76056667
"200","TAS106","MVZ:Mamm:230495","Mus musculus","North America","Canada","Alberta",677,7,2012,53.54211667,-113.82325,"adult",13.5,18,NA,"male",85,183,16.5,98,53.54211667
"201","TAS596","MVZ:Mamm:233026","Mus musculus","South America","Bolivia","Santa Cruz",276,8,2014,-17.32603333,-63.2649,NA,13,18.4,"parous","female",86.5,185,17.7,98.5,17.32603333
"202","FMM179","MVZ:Mamm:231380","Mus musculus","South America","Brazil","Rio Grande do Sul",107,6,2013,-29.904,-57.15266667,NA,16,18,"parous","female",80,179,14,99,29.904
"203","FMM286","MVZ:Mamm:231346","Mus musculus","South America","Brazil","Distrito Federal",1208,9,2013,-15.61916667,-47.94133333,NA,15,17,"parous","female",84,183,14.25,99,15.61916667
"204","TAS102","MVZ:Mamm:237803","Mus musculus","North America","Canada","Alberta",768,7,2012,53.39563333,-113.1895667,"adult",13.2,18.6,NA,"female",90,189,20.7,99,53.39563333
"205","TAS134","MVZ:Mamm:230493","Mus musculus","North America","Canada","Alberta",712,8,2012,53.40786667,-113.9071167,"adult",15,19.25,NA,"female",92,191,21,99,53.40786667
"206","TAS204","MVZ:Mamm:230540","Mus musculus","North America","United States","Arizona",700,9,2012,32.28135,-110.94995,"adult",15.5,19.6,"parous (placental scars R3, L1)","female",71.5,171,22,99.5,32.28135
"207","TAS189","MVZ:Mamm:230534","Mus musculus","North America","United States","Arizona",719,9,2012,32.16696667,-111.0858833,"adult",15.2,19.8,"parous (placental scars R6, L3)","female",92,191.5,21.2,99.5,32.16696667
"208","FMM274","MVZ:Mamm:231390","Mus musculus","South America","Brazil","Rondonia",85,9,2013,-8.772833333,-63.84,NA,15,19,"parous","female",93,193,16.25,100,8.772833333
"209","TAS088","MVZ:Mamm:230511","Mus musculus","North America","Canada","Alberta",670,7,2012,53.79156667,-113.3187667,"adult",14,16,NA,"female",80,181,23.5,101,53.79156667
"210","FMM130","MVZ:Mamm:231430","Mus musculus","South America","Argentina","Tierra del Fuego",26,2,2013,-54.79723333,-68.22926667,NA,12,17,"parous","female",73,175,15,102,54.79723333
"211","TAS004","MVZ:Mamm:230519","Mus musculus","North America","United States","Arizona",657,5,2012,32.4791,-111.6599333,"adult",16,18.8,"parous","female",88,192,20.5,104,32.4791
"212","TAS093","MVZ:Mamm:237802","Mus musculus","North America","Canada","Alberta",747,7,2012,53.43976667,-113.06955,"adult",13,15,"parous","female",93,197,21.9,104,53.43976667
"213","FMM098","MVZ:Mamm:230417","Mus musculus","South America","Ecuador","Santo Domingo",429,12,2012,-0.243983333,-79.2613,"adult",14,18,"parous","female",63,168,10.25,105,0.243983333
"214","FMM176","MVZ:Mamm:231377","Mus musculus","South America","Brazil","Rio Grande do Sul",74,6,2013,-29.82416667,-57.19316667,NA,15,19,"testes scrotal; testis (9x4mm)","male",83,188,18,105,29.82416667
