"","GUID","Population","Collector_ID","Sex","Generation","Total_Length_mm","Tail_Length_mm","Hindfoot_Length_mm","Ear_Length_mm","Body_Weight_g","Body_Length_mm","Age_days","Notes"
"1","MVZ:Mamm:236478","Brazil","FMM227","Female","N0",170,79,18,14.5,12.8,91,"NA",NA
"2","MVZ:Mamm:236479","Brazil","FMM238","Female","N0",178,89,17.5,13.1,19.9,89,"NA",NA
"3","MVZ:Mamm:236480","Brazil","FMM209","Female","N0",169,88,17,14,14.4,81,"NA",NA
"4","MVZ:Mamm:236481","Brazil","FMM223","Female","N0",151,72,17,14,10.2,79,"NA",NA
"5","MVZ:Mamm:236483","Brazil","FMM263","Female","N0",153,74,16,13,13.1,79,"NA",NA
"6","MVZ:Mamm:236488","Brazil","FMM254","Female","N0",171,81,17,12.5,13.8,90,"NA",NA
"7","MVZ:Mamm:236563","Brazil","FMM216","Female","N0",173,87,19,15,12.8,86,"NA",NA
"8","MVZ:Mamm:236564","Brazil","FMM232","Female","N0",149,78,14,13,12.75,71,"NA",NA
"9","MVZ:Mamm:236565","Brazil","FMM240","Female","N0",180,96,18,19,16.25,84,"NA",NA
"10","MVZ:Mamm:237788","Brazil","FMM192","Female","N0",166,86,18,15,17.25,80,"NA",NA
"11","MVZ:Mamm:237790","Brazil","FMM202","Female","N0",137,75,16.1,14,13.3,62,"NA",NA
"12","MVZ:Mamm:237792","Brazil","FMM221","Female","N0",165,77,18,15,18,88,"NA",NA
"13","MVZ:Mamm:237794","Brazil","FMM224","Female","N0",166,88,16.75,15,14.25,78,"NA",NA
"14","MVZ:Mamm:237799","Brazil","FMM250","Female","N0",173,89,18,14,12,84,"NA",NA
"15","NA","Brazil","FMM218","Female","N0",162.5,76.5,17.1,12.5,13.5,86,"NA",NA
"16","NA","Brazil","FMM255","Female","N0",175,92,17,15,15,83,"NA",NA
"17","NA","Brazil","FMM260","Female","N0",166,86,16,17,14,80,"NA",NA
"18","NA","Brazil","FMM261","Female","N0",176,88,18,14,18.9,88,"NA",NA
"19","NA","Brazil","FMM262","Female","N0",160,82,16,14,13.6,78,"NA",NA
"20","MVZ:Mamm:236475","Brazil","FMM208","Male","N0",180,90,19,16,16,90,"NA",NA
"21","MVZ:Mamm:236477","Brazil","FMM213","Male","N0",170,83,18,14,12.9,87,"NA",NA
"22","MVZ:Mamm:236482","Brazil","FMM228","Male","N0",147,74,17,16,14.5,73,"NA",NA
"23","MVZ:Mamm:236484","Brazil","FMM246","Male","N0",176,77,14,14,17.75,99,"NA",NA
"24","MVZ:Mamm:236568","Brazil","FMM264","Male","N0",161,80,15,14,12,81,"NA",NA
"25","MVZ:Mamm:237784","Brazil","FMM191","Male","N0",153,80,17,12,11.4,73,"NA",NA
"26","MVZ:Mamm:237789","Brazil","FMM193","Male","N0",139,NA,18,17,15.5,77,"NA","damaged tail"
"27","MVZ:Mamm:237791","Brazil","FMM215","Male","N0",174,82,18,14,18.5,92,"NA",NA
"28","MVZ:Mamm:237793","Brazil","FMM222","Male","N0",175,95,17,15,15.75,80,"NA",NA
"29","MVZ:Mamm:237795","Brazil","FMM225","Male","N0",172,82,17.7,13,18,90,"NA",NA
"30","MVZ:Mamm:237796","Brazil","FMM239","Male","N0",162,87,18,15,16,75,"NA",NA
"31","MVZ:Mamm:237797","Brazil","FMM247","Male","N0",146,NA,17.8,13.5,15.5,89,"NA","damaged tail"
"32","MVZ:Mamm:237798","Brazil","FMM249","Male","N0",172,91,16,NA,13.5,81,"NA","damaged ear"
"33","MVZ:Mamm:237800","Brazil","FMM252","Male","N0",156,80,15,15,14.5,76,"NA",NA
"34","NA","Brazil","FMM226","Male","N0",188,99,19,14,18.8,89,"NA",NA
"35","NA","Brazil","FMM241","Male","N0",157,78,17,14,14.5,79,"NA",NA
"36","NA","Brazil","FMM251","Male","N0",173,91,19,14,16.5,82,"NA",NA
"37","NA","Brazil","FMM256","Male","N0",170,87,17.5,14.5,15,83,"NA",NA
"38","MVZ:Mamm:236566","Brazil","FMM245","Female","N0",162,80,17.2,12.5,11.7,82,"NA",NA
"39","NA","New_York","MJS01","Female","N0",173,79,18,14,20.5,94,"NA",NA
"40","NA","New_York","MJS09","Female","N0",188,85,19,12,21.5,103,"NA",NA
"41","NA","New_York","MJS19","Female","N0",192,95,17,15,22.5,97,"NA",NA
"42","NA","New_York","MJS29","Female","N0",190,88,19,14,22,102,"NA",NA
"43","NA","New_York","MJS34","Female","N0",182,85,19,13.5,16.7,97,"NA",NA
"44","NA","New_York","MJS39","Female","N0",179,90,19,15,15.6,89,"NA",NA
"45","NA","New_York","MJS44","Female","N0",191,92,19.8,14,19,99,"NA",NA
"46","NA","New_York","MJS48","Female","N0",178,89,19,16,18.8,89,"NA",NA
"47","NA","New_York","MJS49","Female","N0",179,83,19,NA,22.15,96,"NA","damaged ear"
"48","NA","New_York","MJS54","Female","N0",176,79,19.5,14,24.75,97,"NA",NA
"49","NA","New_York","MJS66","Female","N0",161,82,19,15,16.25,79,"NA",NA
"50","NA","New_York","MJS76","Female","N0",175,86,18,16,19.25,89,"NA",NA
"51","NA","New_York","MJS82","Female","N0",185,96.5,18.6,13.5,23,88.5,"NA",NA
"52","NA","New_York","MJS83","Female","N0",166,82,17,13,13,84,"NA",NA
"53","NA","New_York","MJS84","Female","N0",189,92.5,17.5,14.5,19.6,96.5,"NA",NA
"54","NA","New_York","MJS92","Female","N0",177,85,17,13,18,92,"NA",NA
"55","NA","New_York","MJS105","Female","N0",180,93.5,19,15,16.125,86.5,"NA",NA
"56","NA","New_York","MJS05","Male","N0",175,79,18,15,26.8,96,"NA",NA
"57","NA","New_York","MJS11","Male","N0",174,81,19,16,23.6,93,"NA",NA
"58","NA","New_York","MJS13","Male","N0",190,92,18,15.5,22.5,98,"NA",NA
"59","NA","New_York","MJS38","Male","N0",171,88,20,15,33,83,"NA",NA
"60","NA","New_York","MJS47","Male","N0",167,82,20,15,19.5,85,"NA",NA
"61","NA","New_York","MJS56","Male","N0",166,75,29,16,26.25,91,"NA",NA
"62","NA","New_York","MJS60","Male","N0",191,88,19,14,32.8,103,"NA",NA
"63","NA","New_York","MJS67","Male","N0",193,99,19,15.5,NA,94,"NA",NA
"64","NA","New_York","MJS81","Male","N0",180,88,18,14,20.2,92,"NA",NA
"65","NA","New_York","MJS89","Male","N0",185,90,19.2,14,28.5,95,"NA",NA
"66","NA","New_York","MJS91","Male","N0",182,85,20,15,27.5,97,"NA",NA
"67","NA","New_York","MJS97","Male","N0",185.5,87,20,16,22.25,98.5,"NA",NA
"68","NA","New_York","MJS104","Male","N0",190,94,20,14,18.8,96,"NA",NA
"69","MVZ:Mamm:236576","Brazil","FMM379","Female","N1",171,85,17,15,18.4,86,"294",NA
"70","MVZ:Mamm:236581","Brazil","FMM397","Female","N1",185,85,19,16,16.4,100,"557",NA
"71","MVZ:Mamm:236583","Brazil","FMM403","Female","N1",173,86,17,15,15.1,87,"446",NA
"72","MVZ:Mamm:236586","Brazil","FMM413","Female","N1",177,89,19,14,18,88,"308",NA
"73","MVZ:Mamm:236589","Brazil","FMM416","Female","N1",186,95,17,14,15.75,91,"593",NA
"74","MVZ:Mamm:236591","Brazil","FMM418","Female","N1",180,91,18,15,17.3,89,"308",NA
"75","MVZ:Mamm:236592","Brazil","FMM419","Female","N1",170,86,18,13,13.3,84,"593",NA
"76","MVZ:Mamm:236593","Brazil","FMM420","Female","N1",171,88,18,15,16.5,83,"486",NA
"77","MVZ:Mamm:236595","Brazil","FMM438","Female","N1",186,94,17,13,14.3,92,"530",NA
"78","MVZ:Mamm:236598","Brazil","FMM449","Female","N1",184,90,16,15,13.2,94,"441",NA
"79","MVZ:Mamm:236599","Brazil","FMM450","Female","N1",170,76,16,13,14.5,94,"432",NA
"80","NA","Brazil","FMM363","Female","N1",176,90,17,14,14.5,86,"245",NA
"81","NA","Brazil","FMM369","Female","N1",150,76,15,14,13.4,74,"245",NA
"82","NA","Brazil","FMM400","Female","N1",186,88,19,15,19.1,98,"268",NA
"83","NA","Brazil","FMM368","Female","N1",163,80,15,15,14.01,83,"292",NA
"84","NA","Brazil","FMM362","Female","N1",176,82,18,16,26,94,"295",NA
"85","NA","Brazil","FMM396","Female","N1",184,90,18,15,14.9,94,"316",NA
"86","NA","Brazil","FMM493","Female","N1",168,81,19,14,NA,87,"365","preg"
"87","NA","Brazil","FMM422","Female","N1",165,84,19,15,17.9,81,"384",NA
"88","NA","Brazil","FMM432","Female","N1",165,84,19,15,17.9,81,"384",NA
"89","NA","Brazil","FMM364","Female","N1",180,86,18,13,14.5,94,"425",NA
"90","NA","Brazil","FMM365","Female","N1",181,86,19,14,14.6,95,"425",NA
"91","NA","Brazil","FMM366","Female","N1",186,88,18,14,15.8,98,"425",NA
"92","NA","Brazil","FMM367","Female","N1",182,87,18,14,14,95,"425",NA
"93","NA","Brazil","FMM404","Female","N1",170,88,18,16,16.5,82,"446",NA
"94","NA","Brazil","FMM459","Female","N1",162,82,19,14,14.9,80,"453",NA
"95","NA","Brazil","FMM477","Female","N1",175,85,19,NA,18.7,90,"510",NA
"96","NA","Brazil","FMM385","Female","N1",175,89,18,15,15.5,86,"512",NA
"97","NA","Brazil","FMM394","Female","N1",164,83,19,15,15,81,"557",NA
"98","NA","Brazil","FMM402","Female","N1",175,88,18,15,15.2,87,"557",NA
"99","NA","Brazil","FMM387","Female","N1",171,82,16,15,16.6,89,"558",NA
"100","NA","Brazil","FMM295","Female","N1",158,87,19,13,11.7,71,"NA",NA
"101","NA","Brazil","FMM300","Female","N1",173,85,20,13,13.3,88,"NA",NA
"102","NA","Brazil","FMM301","Female","N1",165,86,18,18,12.7,79,"NA",NA
"103","NA","Brazil","FMM302","Female","N1",159,84,16,13,13,75,"NA",NA
"104","NA","Brazil","FMM303","Female","N1",147,79,17,13,11,68,"NA",NA
"105","NA","Brazil","FMM304","Female","N1",155,83,18,15,12.3,72,"NA",NA
"106","NA","Brazil","FMM307","Female","N1",162,89,16,14,15.3,73,"NA",NA
"107","NA","Brazil","FMM309","Female","N1",162,88,17,13,13.4,74,"NA",NA
"108","NA","Brazil","FMM310","Female","N1",167,84,17,14,11.4,83,"NA",NA
"109","NA","Brazil","FMM311","Female","N1",171,84,18,15,11.6,87,"NA",NA
"110","NA","Brazil","FMM312","Female","N1",169,83,17,15,11.8,86,"NA",NA
"111","NA","Brazil","FMM313","Female","N1",162,84,18,15,13.9,78,"NA",NA
"112","NA","Brazil","FMM316","Female","N1",171,90,17,15,22.1,81,"NA",NA
"113","NA","Brazil","FMM317","Female","N1",171,84,17,14,NA,87,"NA",NA
"114","NA","Brazil","FMM319","Female","N1",182,90,17,14,NA,92,"NA","preg"
"115","NA","Brazil","FMM320","Female","N1",181,91,19,16,15.8,90,"NA",NA
"116","NA","Brazil","FMM321","Female","N1",150,83,16,13,11.9,67,"NA",NA
"117","NA","Brazil","FMM322","Female","N1",156,74,17,15,12.2,82,"NA",NA
"118","NA","Brazil","FMM323","Female","N1",160,81,18,15,11,79,"NA",NA
"119","NA","Brazil","FMM324","Female","N1",158,81,17,14,11.4,77,"NA",NA
"120","NA","Brazil","FMM325","Female","N1",165,81,16,14,15,84,"NA",NA
"121","NA","Brazil","FMM326","Female","N1",165,85,17,15,12.3,80,"NA",NA
"122","NA","Brazil","FMM332","Female","N1",150,82,17,15,10.9,68,"NA",NA
"123","NA","Brazil","FMM333","Female","N1",150,79,16,15,10.7,71,"NA",NA
"124","NA","Brazil","FMM336","Female","N1",177,85,19,14,12.5,92,"NA",NA
"125","NA","Brazil","FMM337","Female","N1",173,87,17,15,12.4,86,"NA",NA
"126","NA","Brazil","FMM338","Female","N1",149,76,16,13,10,73,"NA",NA
"127","NA","Brazil","FMM339","Female","N1",161,75,16,15,18.6,86,"NA",NA
"128","NA","Brazil","FMM345","Female","N1",169,88,18,14,17.9,81,"NA",NA
"129","NA","Brazil","FMM346","Female","N1",168,87,18,14,15.3,81,"NA",NA
"130","NA","Brazil","FMM347","Female","N1",178,92,18,14,15,86,"NA",NA
"131","NA","Brazil","FMM352","Female","N1",178,86.5,18.1,13.5,16.8,91.5,"NA",NA
"132","NA","Brazil","FMM353","Female","N1",160,80,18,13,11.8,80,"NA",NA
"133","NA","Brazil","FMM388","Female","N1",172,89,18,15,12.1,83,"NA",NA
"134","NA","Brazil","FMM401","Female","N1",155,77,16,19,12.5,78,"NA",NA
"135","NA","Brazil","FMM628","Female","N1",150,83,18,13,12,67,"NA",NA
"136","MVZ:Mamm:236569","Brazil","FMM357","Male","N1",173,84.5,17.5,14.4,14.1,88.5,"425",NA
"137","MVZ:Mamm:236570","Brazil","FMM358","Male","N1",177,90,17.2,13.5,14.6,87,"231",NA
"138","MVZ:Mamm:236571","Brazil","FMM359","Male","N1",181,88.5,18.4,14,18.4,92.5,"462",NA
"139","MVZ:Mamm:236572","Brazil","FMM360","Male","N1",189,91,17,15,31.9,98,"295",NA
"140","MVZ:Mamm:236573","Brazil","FMM375","Male","N1",184,88,18,14,15.9,96,"245",NA
"141","MVZ:Mamm:236574","Brazil","FMM376","Male","N1",173,86,18,14,14.7,87,"433",NA
"142","MVZ:Mamm:236577","Brazil","FMM380","Male","N1",203,90,18,14,25.4,113,"254",NA
"143","MVZ:Mamm:236578","Brazil","FMM381","Male","N1",189,90,18,15,18.5,99,"294",NA
"144","MVZ:Mamm:236579","Brazil","FMM384","Male","N1",180,89,17,15,22.1,91,"294",NA
"145","MVZ:Mamm:236580","Brazil","FMM386","Male","N1",174,84,18,14,16.8,90,"NA",NA
"146","MVZ:Mamm:236582","Brazil","FMM399","Male","N1",173,86,18,NA,13.8,87,"NA","damaged ear"
"147","MVZ:Mamm:236585","Brazil","FMM412","Male","N1",181,90,17,14,29.9,91,"308",NA
"148","MVZ:Mamm:236587","Brazil","FMM414","Male","N1",155,NA,18,NA,18.6,90,"354","damaged tail and ear"
"149","MVZ:Mamm:236588","Brazil","FMM415","Male","N1",181,89,17,14,26.2,92,"NA",NA
"150","MVZ:Mamm:236590","Brazil","FMM417","Male","N1",184,91,18,15,24.5,93,"593",NA
"151","MVZ:Mamm:236596","Brazil","FMM441","Male","N1",168,85,18,15,16.6,83,"404",NA
"152","MVZ:Mamm:236597","Brazil","FMM448","Male","N1",190,95,16,13,14.8,95,"413",NA
"153","NA","Brazil","FMM390","Male","N1",176,85,NA,15,17.2,91,"271",NA
"154","NA","Brazil","FMM421","Male","N1",170,85,18,15,16.7,85,"306",NA
"155","NA","Brazil","FMM431","Male","N1",170,85,18,15,16.7,85,"306",NA
"156","NA","Brazil","FMM476","Male","N1",176,87,19,15,20.4,89,"351",NA
"157","NA","Brazil","FMM393","Male","N1",195,97,18,17,19.29,98,"446",NA
"158","NA","Brazil","FMM460","Male","N1",139,NA,19,14,15.9,139,"453",NA
"159","NA","Brazil","FMM361","Male","N1",188,89,18,16,23.2,99,"505",NA
"160","NA","Brazil","FMM405","Male","N1",142,NA,19,15,18.7,142,"505",NA
"161","NA","Brazil","FMM392","Male","N1",171,86,15,13,16.1,85,"526",NA
"162","NA","Brazil","FMM391","Male","N1",182,84,16,14,19.3,98,"535",NA
"163","NA","Brazil","FMM464","Male","N1",177,88,18,14,19.5,89,"700",NA
"164","NA","Brazil","FMM306","Male","N1",120,73,17,14,15,47,"NA",NA
"165","NA","Brazil","FMM308","Male","N1",177,84,19,15,19.5,93,"NA",NA
"166","NA","Brazil","FMM314","Male","N1",176,88,17,16,19.7,88,"NA",NA
"167","NA","Brazil","FMM315","Male","N1",178,91,18,15,16.7,87,"NA",NA
"168","NA","Brazil","FMM318","Male","N1",163,86,18,17,17.3,77,"NA",NA
"169","NA","Brazil","FMM327","Male","N1",166,86,15,15,14.9,80,"NA",NA
"170","NA","Brazil","FMM328","Male","N1",174,81,18,15,16.5,93,"NA",NA
"171","NA","Brazil","FMM329","Male","N1",176,83,18,15,18.7,93,"NA",NA
"172","NA","Brazil","FMM330","Male","N1",161,81,17,12,15.1,80,"NA",NA
"173","NA","Brazil","FMM331","Male","N1",175,88,18,15,16.2,87,"NA",NA
"174","NA","Brazil","FMM334","Male","N1",187,88,18,15,16.5,99,"NA",NA
"175","NA","Brazil","FMM335","Male","N1",135,46,19,14,13.3,89,"NA",NA
"176","NA","Brazil","FMM340","Male","N1",189,99,19,16,17.6,90,"NA",NA
"177","NA","Brazil","FMM348","Male","N1",170,90,19,14,13.2,80,"NA",NA
"178","NA","Brazil","FMM349","Male","N1",168,89,19,14,14.7,79,"NA",NA
"179","NA","Brazil","FMM355","Male","N1",182,95,18,14,19.3,87,"NA",NA
"180","NA","Brazil","FMM629","Male","N1",159,86,16,7,16.1,73,"NA",NA
"181","MVZ:Mamm:236347","New_York","DL139","Female","N1",161,81,19,14.5,19,80,"144",NA
"182","MVZ:Mamm:236490","New_York","MJS137","Female","N1",181,87,20,16,24,94,"327",NA
"183","MVZ:Mamm:236491","New_York","MJS139","Female","N1",175,83,19,15,19.4,92,"406",NA
"184","MVZ:Mamm:236492","New_York","MJS141","Female","N1",190,84,20,16,18.8,106,"410",NA
"185","MVZ:Mamm:236493","New_York","MJS142","Female","N1",177,83,20,15,20.1,94,"406",NA
"186","MVZ:Mamm:236601","New_York","MJS154","Female","N1",166,79,19,15,22.2,87,"165",NA
"187","MVZ:Mamm:236602","New_York","MJS155","Female","N1",172,80,19,15,20.6,92,"165",NA
"188","MVZ:Mamm:236604","New_York","MJS165","Female","N1",148,76,18,14,15.2,72,"211",NA
"189","MVZ:Mamm:236605","New_York","MJS166","Female","N1",167,82,20,15,18.3,85,"211",NA
"190","MVZ:Mamm:236607","New_York","MJS168","Female","N1",163,77,17,15,22,86,"261",NA
"191","MVZ:Mamm:236609","New_York","MJS170","Female","N1",165,77,17,14,19.3,88,"440",NA
"192","MVZ:Mamm:236610","New_York","MJS171","Female","N1",187,86,20,15,23.9,101,"440",NA
"193","MVZ:Mamm:236611","New_York","MJS172","Female","N1",182,84,19,15,17.9,98,"440",NA
"194","MVZ:Mamm:236612","New_York","MJS173","Female","N1",183,84,20,15,19.8,99,"440",NA
"195","MVZ:Mamm:236614","New_York","MJS175","Female","N1",174,84,18,14,20.3,90,"222",NA
"196","MVZ:Mamm:236615","New_York","MJS176","Female","N1",186,82,20,17,26.5,104,"514",NA
"197","MVZ:Mamm:236617","New_York","MJS178","Female","N1",195,85,21,16,28.9,110,"452",NA
"198","MVZ:Mamm:236620","New_York","MJS181","Female","N1",183,80,20,16,28.4,103,"452",NA
"199","MVZ:Mamm:236621","New_York","MJS182","Female","N1",179,80,19,20,21.9,99,"271",NA
"200","MVZ:Mamm:236623","New_York","MJS184","Female","N1",171,76,18,15,26.5,95,"517",NA
"201","MVZ:Mamm:236625","New_York","MJS186","Female","N1",172,75,20,15,22.9,97,"271",NA
"202","MVZ:Mamm:236627","New_York","MJS188","Female","N1",179,75,20,14,24.6,104,"271",NA
"203","MVZ:Mamm:236628","New_York","MJS189","Female","N1",189,90,19,15,24.4,99,"517",NA
"204","MVZ:Mamm:236629","New_York","MJS190","Female","N1",172,81,19,15,14.3,91,"273",NA
"205","MVZ:Mamm:236631","New_York","MJS217","Female","N1",162,73,17,14,14.4,89,"257",NA
"206","MVZ:Mamm:236634","New_York","MJS221","Female","N1",162,76,18.5,15,20.2,86,"257",NA
"207","MVZ:Mamm:236635","New_York","MJS222","Female","N1",166,78,19,15,21.5,88,"257",NA
"208","MVZ:Mamm:236636","New_York","MJS223","Female","N1",191,85,18,16,NA,106,"308","preg"
"209","MVZ:Mamm:236638","New_York","MJS321","Female","N1",177,85,18,15,21.3,92,"606",NA
"210","MVZ:Mamm:236639","New_York","MJS322","Female","N1",165,75,18,16,24.9,90,"606",NA
"211","MVZ:Mamm:236640","New_York","MJS324","Female","N1",157,74,18,14,18.5,83,"307",NA
"212","MVZ:Mamm:236642","New_York","MJS326","Female","N1",183,83,19,15,29.9,100,"363",NA
"213","MVZ:Mamm:236643","New_York","MJS329","Female","N1",179,81,19,15,20.6,98,"607",NA
"214","MVZ:Mamm:236651","New_York","MJS338","Female","N1",190,86,18,13,19.9,104,"565",NA
"215","MVZ:Mamm:236652","New_York","MJS339","Female","N1",181,85,17,14,19.7,96,"389",NA
"216","MVZ:Mamm:236654","New_York","MJS343","Female","N1",185,86,18,15,20.9,99,"565",NA
"217","MVZ:Mamm:236656","New_York","MJS360","Female","N1",186,88,19,15,NA,98,"445","preg"
"218","MVZ:Mamm:236660","New_York","MJS224","Female","N1",169,79,18,15,20,90,"472",NA
"219","NA","New_York","MJS196","Female","N1",153,70,19,15,18.6,83,"98",NA
"220","NA","New_York","MJS197","Female","N1",151,70,18,14,17.6,81,"98",NA
"221","NA","New_York","MJS198","Female","N1",152,72,19,15,16.9,80,"98",NA
"222","NA","New_York","MJS215","Female","N1",175,85,17,15,NA,90,"253","preg"
"223","NA","New_York","MJS216","Female","N1",180,81,19,16,19.2,99,"257",NA
"224","NA","New_York","MJS192","Female","N1",158,75,19,15,16.8,83,"273",NA
"225","NA","New_York","MJS193","Female","N1",160,77,19,15,19.6,83,"273",NA
"226","NA","New_York","MJS211","Female","N1",176,85,19,15,22,91,"289",NA
"227","NA","New_York","MJS212","Female","N1",180,86,20,16,19.7,94,"292",NA
"228","NA","New_York","MJS150","Female","N1",177,82,18,15,24,95,"332",NA
"229","NA","New_York","MJS323","Female","N1",169,80,18,15,22.4,89,"357",NA
"230","NA","New_York","MJS147","Female","N1",169,79,18,14,16.4,90,"404",NA
"231","NA","New_York","MJS148","Female","N1",165,74,19,16,17.8,91,"404",NA
"232","NA","New_York","MJS164","Female","N1",163,75,19,15,18.3,88,"440",NA
"233","NA","New_York","MJS213","Female","N1",167,85,16,15,17.5,82,"468",NA
"234","NA","New_York","MJS214","Female","N1",179,82,19,16,26.5,97,"473",NA
"235","NA","New_York","MJS163","Female","N1",170,81,19,15,25.6,89,"502",NA
"236","NA","New_York","MJS194","Female","N1",157,75,18,15,13,82,"515",NA
"237","NA","New_York","MJS205","Female","N1",185,82,19,15,19.9,103,"530",NA
"238","NA","New_York","MJS209","Female","N1",187,86,17,16,27.5,101,"530",NA
"239","NA","New_York","MJS100","Female","N1",156,72,18,18,16,84,"NA",NA
"240","NA","New_York","MJS111","Female","N1",170,82,18,15,20,88,"NA",NA
"241","NA","New_York","MJS114","Female","N1",173,85,19,15,21,88,"NA",NA
"242","NA","New_York","MJS115","Female","N1",176,80,20,16,22,96,"NA",NA
"243","NA","New_York","MJS116","Female","N1",165,79,18,14,14.5,86,"NA",NA
"244","NA","New_York","MJS117","Female","N1",169,80,18,14,20.1,89,"NA",NA
"245","NA","New_York","MJS118","Female","N1",165,75,17,14,18.5,90,"NA",NA
"246","NA","New_York","MJS121","Female","N1",173,81,19,14,19.1,92,"NA",NA
"247","NA","New_York","MJS125","Female","N1",164,80,17,15,21,84,"NA",NA
"248","NA","New_York","MJS126","Female","N1",183,82,20,17,23,101,"NA",NA
"249","NA","New_York","MJS127","Female","N1",165,73,18,14,19.2,92,"NA",NA
"250","NA","New_York","MJS128","Female","N1",168,80,17,12,18.5,88,"NA",NA
"251","NA","New_York","MJS131","Female","N1",160,80,18,16,18.4,80,"NA",NA
"252","NA","New_York","MJS132","Female","N1",165,78,15,11,20.5,87,"NA",NA
"253","NA","New_York","MJS134","Female","N1",162,75,15,12,21.3,87,"NA",NA
"254","NA","New_York","MJS135","Female","N1",160,78,17,12,20.6,82,"NA",NA
"255","NA","New_York","MJS136","Female","N1",165,81,16,11,19,84,"NA",NA
"256","NA","New_York","MJS201","Female","N1",166,77,18,15,19.5,89,"NA",NA
"257","MVZ:Mamm:236349","New_York","DL141","Male","N1",153,78,19,13,18.7,75,"157",NA
"258","MVZ:Mamm:236489","New_York","MJS133","Male","N1",180,80,20,16,28.2,100,"293",NA
"259","MVZ:Mamm:236600","New_York","MJS153","Male","N1",170,82,15,20,23.5,88,"165",NA
"260","MVZ:Mamm:236603","New_York","MJS156","Male","N1",182,85,19,15,33.3,97,"341",NA
"261","MVZ:Mamm:236606","New_York","MJS167","Male","N1",162,80,18,15,21.1,82,"261",NA
"262","MVZ:Mamm:236608","New_York","MJS169","Male","N1",180,87,19,15,21.8,93,"261",NA
"263","MVZ:Mamm:236613","New_York","MJS174","Male","N1",173,82,19,14,22.5,91,"222",NA
"264","MVZ:Mamm:236616","New_York","MJS177","Male","N1",181,82,19,17,27.7,99,"509",NA
"265","MVZ:Mamm:236618","New_York","MJS179","Male","N1",195,89,NA,16,34.2,106,"452",NA
"266","MVZ:Mamm:236619","New_York","MJS180","Male","N1",210,90,22,21,27.9,120,"509",NA
"267","MVZ:Mamm:236622","New_York","MJS183","Male","N1",185,81,21,19,35.4,104,"451",NA
"268","MVZ:Mamm:236624","New_York","MJS185","Male","N1",170,80,18,19,25.6,90,"451",NA
"269","MVZ:Mamm:236626","New_York","MJS187","Male","N1",172,80,19,16,27.4,92,"451",NA
"270","MVZ:Mamm:236630","New_York","MJS191","Male","N1",171,80,18,14,21.8,91,"146",NA
"271","MVZ:Mamm:236632","New_York","MJS219","Male","N1",186,87,18,16,25.1,99,"308",NA
"272","MVZ:Mamm:236633","New_York","MJS220","Male","N1",178,83,20,15,22.8,95,"253",NA
"273","MVZ:Mamm:236641","New_York","MJS325","Male","N1",175,83,18,15,26.4,92,"362",NA
"274","MVZ:Mamm:236644","New_York","MJS330","Male","N1",193,90,17,15,20.7,103,"539",NA
"275","MVZ:Mamm:236645","New_York","MJS331","Male","N1",173,80,18,15,20.8,93,"527",NA
"276","MVZ:Mamm:236647","New_York","MJS333","Male","N1",179,79,17,14,18.3,100,"600",NA
"277","MVZ:Mamm:236648","New_York","MJS334","Male","N1",184,87,19,15,24.6,97,"604",NA
"278","MVZ:Mamm:236649","New_York","MJS335","Male","N1",194,87,18,15,29.6,107,"231",NA
"279","MVZ:Mamm:236650","New_York","MJS336","Male","N1",172,81,18,14,19,91,"604",NA
"280","MVZ:Mamm:236653","New_York","MJS342","Male","N1",192,87,17,14,36.2,105,"565",NA
"281","MVZ:Mamm:236655","New_York","MJS358","Male","N1",203,93,19,15,23.1,110,"445",NA
"282","NA","New_York","MJS195","Male","N1",167,78,19,14,21.4,89,"98",NA
"283","NA","New_York","MJS210","Male","N1",173,83,20,15,24.7,90,"239",NA
"284","NA","New_York","MJS208","Male","N1",179,89,19,15,22.5,90,"292",NA
"285","NA","New_York","MJS152","Male","N1",173,83,19,16,20.4,90,"298",NA
"286","NA","New_York","MJS151","Male","N1",197,85,21,16,27.6,112,"379",NA
"287","NA","New_York","MJS149","Male","N1",168,75,16,14,17.6,93,"404",NA
"288","NA","New_York","MJS160","Male","N1",173,84,19,15,26.3,89,"440",NA
"289","NA","New_York","MJS161","Male","N1",174,83,19,15,21.7,91,"440",NA
"290","NA","New_York","MJS204","Male","N1",180,91,20,14.5,28.6,89,"461",NA
"291","NA","New_York","MJS206","Male","N1",207,88,20,17,37.9,119,"530",NA
"292","NA","New_York","MJS207","Male","N1",207,94,20,16,32.2,113,"530",NA
"293","NA","New_York","MJS101","Male","N1",179,82,18,15,32,97,"NA",NA
"294","NA","New_York","MJS102","Male","N1",165,71,18,16,16.7,94,"NA",NA
"295","NA","New_York","MJS103","Male","N1",185,78,20,18,33.8,107,"NA",NA
"296","NA","New_York","MJS104","Male","N1",191,91,21,17,33.2,100,"NA",NA
"297","NA","New_York","MJS105","Male","N1",165,80,16,15,20.2,85,"NA",NA
"298","NA","New_York","MJS106","Male","N1",180,85,21,16,25.8,95,"NA",NA
"299","NA","New_York","MJS107","Male","N1",187,89,20,18,26.3,98,"NA",NA
"300","NA","New_York","MJS108","Male","N1",182,85,20,16,18.1,97,"NA",NA
"301","NA","New_York","MJS109","Male","N1",176,83,19,18,28.9,93,"NA",NA
"302","NA","New_York","MJS110","Male","N1",170,82,18,14,24.2,88,"NA",NA
"303","NA","New_York","MJS112","Male","N1",177,82,20,15,23,95,"NA",NA
"304","NA","New_York","MJS113","Male","N1",173,83,19,16,23,90,"NA",NA
"305","NA","New_York","MJS119","Male","N1",179,83,19,15,29,96,"NA",NA
"306","NA","New_York","MJS120","Male","N1",201,96,19,15,28,105,"NA",NA
"307","NA","New_York","MJS122","Male","N1",165,75,17,14,27.8,90,"NA",NA
"308","NA","New_York","MJS123","Male","N1",183,87,17,16,29,96,"NA",NA
"309","NA","New_York","MJS124","Male","N1",175,83,20,18,20,92,"NA",NA
"310","NA","New_York","MJS129","Male","N1",178,85,19,16,20.8,93,"NA",NA
"311","NA","New_York","MJS130","Male","N1",191,87,20,18,30.7,104,"NA",NA
"312","NA","New_York","MJS138","Male","N1",190,92,19,15,36.2,98,"NA",NA
"313","NA","New_York","MJS140","Male","N1",198,87,21,15,31.9,111,"NA",NA
"314","NA","New_York","MJS202","Male","N1",169,77,20,15,19.3,92,"NA",NA
"315","MVZ:Mamm:236575","Brazil","FMM377","Female","N2",172,80,17,14,13.7,92,"300",NA
"316","NA","Brazil","FMM455","Female","N2",174,90,18,15,15.7,84,"110",NA
"317","NA","Brazil","FMM453","Female","N2",181,93,15,14,20.2,88,"147",NA
"318","NA","Brazil","FMM534","Female","N2",169,82,18,13,15.6,87,"180",NA
"319","NA","Brazil","FMM458","Female","N2",162,78,18,13,14.8,84,"183",NA
"320","NA","Brazil","FMM421","Female","N2",181,80,16,14,16.9,101,"191",NA
"321","NA","Brazil","FMM428","Female","N2",160,87,17,14,15.9,73,"191",NA
"322","NA","Brazil","FMM389","Female","N2",137,NA,19,14,15.7,137,"194",NA
"323","NA","Brazil","FMM542","Female","N2",168,81,18,13,16.8,87,"194",NA
"324","NA","Brazil","FMM446","Female","N2",176,85,16,14,18.5,91,"200",NA
"325","NA","Brazil","FMM433","Female","N2",183,81,17,14,18.8,102,"222",NA
"326","NA","Brazil","FMM538","Female","N2",169,76,16,13,18.8,93,"222",NA
"327","NA","Brazil","FMM370","Female","N2",162,82,16,14,14.6,80,"247",NA
"328","NA","Brazil","FMM371","Female","N2",160,84,16,14,14.1,76,"247",NA
"329","NA","Brazil","FMM378","Female","N2",170,85,16,14,15.5,85,"261",NA
"330","NA","Brazil","FMM437","Female","N2",185,86,17,16,16.8,99,"275",NA
"331","NA","Brazil","FMM525","Female","N2",160,80,18,14,16.5,80,"279",NA
"332","NA","Brazil","FMM440","Female","N2",171,82,19,14,16.2,89,"282",NA
"333","NA","Brazil","FMM373","Female","N2",166,76,16,15,16.8,90,"293",NA
"334","NA","Brazil","FMM383","Female","N2",164,82,16,14,15.7,82,"298",NA
"335","NA","Brazil","FMM404","Female","N2",168,81,18,14,12.7,87,"308",NA
"336","NA","Brazil","FMM406","Female","N2",161,81,17,14.5,12,80,"308",NA
"337","NA","Brazil","FMM407","Female","N2",165,87,18,14,13,78,"308",NA
"338","NA","Brazil","FMM408","Female","N2",169,78,16,14,14.1,91,"308",NA
"339","NA","Brazil","FMM409","Female","N2",172,87,18,14,14.7,85,"308",NA
"340","NA","Brazil","FMM394","Female","N2",173,85,14,17.5,16.47,88,"315",NA
"341","NA","Brazil","FMM395","Female","N2",166,94,18,14,14.9,72,"315",NA
"342","NA","Brazil","FMM411","Female","N2",175,85,19,14,15.1,90,"315",NA
"343","NA","Brazil","FMM390","Female","N2",171,81,19,14,15.1,90,"348",NA
"344","NA","Brazil","FMM391","Female","N2",166,88,18,14,15.7,78,"348",NA
"345","NA","Brazil","FMM392","Female","N2",173,86,18,14,14.3,87,"348",NA
"346","NA","Brazil",NA,"Female","N2",172,83,18,14,14.3,89,"348",NA
"347","NA","Brazil","FMM402","Female","N2",159,82,17.5,13,10,77,"353",NA
"348","NA","Brazil","FMM443","Female","N2",165,83,19,14,15,82,"357",NA
"349","NA","Brazil","FMM442","Female","N2",175,87,18,14,23.3,88,"359",NA
"350","NA","Brazil","FMM478","Female","N2",176,85,19,14,19.4,91,"386",NA
"351","NA","Brazil","FMM444","Female","N2",189,94,16,14,13.8,95,"403",NA
"352","NA","Brazil","FMM480","Female","N2",160,81,17,13,15.4,79,"508",NA
"353","NA","Brazil","FMM423","Female","N2",183,81,17,14,18.8,102,"NA",NA
"354","MVZ:Mamm:236584","Brazil","FMM405","Male","N2",165,83,17,13,13.3,82,"308",NA
"355","NA","Brazil","FMM398","Male","N2",173,83,17,13,14.3,90,"64",NA
"356","NA","Brazil","FMM456","Male","N2",172,84,19,14,17.2,88,"110",NA
"357","NA","Brazil","FMM454","Male","N2",183,88,17,14,21.3,95,"147",NA
"358","NA","Brazil","FMM531","Male","N2",172,82,18,14,18.2,90,"180",NA
"359","NA","Brazil","FMM452","Male","N2",172,82,16,14,15.1,90,"183",NA
"360","NA","Brazil","FMM424","Male","N2",181,87,18,14,17.9,94,"191",NA
"361","NA","Brazil","FMM426","Male","N2",160,77,17,14,15.8,83,"191",NA
"362","NA","Brazil","FMM429","Male","N2",162,79,18,15,18.5,83,"194",NA
"363","NA","Brazil","FMM447","Male","N2",180,84,17,14,15.5,96,"200",NA
"364","NA","Brazil","FMM543","Male","N2",178,82,19,14,24.4,96,"222",NA
"365","NA","Brazil","FMM445","Male","N2",183,92,17,13,15.6,91,"240",NA
"366","NA","Brazil","FMM382","Male","N2",179,84,18,14,15.2,95,"254",NA
"367","NA","Brazil","FMM434","Male","N2",165,80,20,15,15.8,85,"275",NA
"368","NA","Brazil","FMM374","Male","N2",182,88,17,14,19.7,94,"292",NA
"369","NA","Brazil","FMM385","Male","N2",170,86,18,14,14.3,84,"306",NA
"370","NA","Brazil","FMM387","Male","N2",127,45,18,14,22.6,82,"308",NA
"371","NA","Brazil","FMM388","Male","N2",185,90,20,15,32.3,95,"308",NA
"372","NA","Brazil","FMM396","Male","N2",162,82,18,14,20.2,80,"308",NA
"373","NA","Brazil","FMM430","Male","N2",159,81,19,13,15.9,78,"308",NA
"374","NA","Brazil","FMM393","Male","N2",176,95,19,15,15.8,81,"315",NA
"375","NA","Brazil","FMM398","Male","N2",185,96,20,15,22.1,89,"315",NA
"376","NA","Brazil","FMM410","Male","N2",134,NA,18,NA,15.2,134,"353",NA
"377","NA","Brazil","FMM439","Male","N2",179,87,18,15,31.7,92,"359",NA
"378","NA","Brazil","FMM468","Male","N2",177,85,19,14,27.4,92,"365",NA
"379","NA","Brazil","FMM481","Male","N2",179,91,19,14,19.4,88,"508",NA
"380","NA","Brazil","FMM630","Male","N2",157,75,18,13,15.3,82,"872",NA
"381","NA","Brazil","FMM343","Male","N2",161,84,16,12,17.28,77,"NA",NA
"382","NA","Brazil","FMM344","Male","N2",159,84,17,11,14.98,75,"NA",NA
"383","NA","Brazil","FMM356","Male","N2",161.1,84,15,11.5,19.9,77.1,"NA",NA
"384","NA","Brazil","FMM386","Male","N2",176,89,19,14,17.9,87,"NA",NA
"385","MVZ:Mamm:236646","New_York","MJS332","Female","N2",171,80,19,15,17.3,91,"280",NA
"386","NA","New_York","MJS233","Female","N2",169,73,19,14,NA,96,"134",NA
"387","NA","New_York","MJS159","Female","N2",164,78,18,14,15.5,86,"135",NA
"388","NA","New_York","MJS231","Female","N2",165,76,19,14,18.6,89,"135",NA
"389","NA","New_York","MJS311","Female","N2",168,79,20,16,NA,89,"145",NA
"390","NA","New_York","MJS314","Female","N2",165,75,20,15,19.7,90,"181",NA
"391","NA","New_York","MJS347","Female","N2",170,77,19,14,NA,93,"183",NA
"392","NA","New_York","MJS226","Female","N2",179,80,19,20,21.8,99,"184",NA
"393","NA","New_York","MJS337","Female","N2",170,82,19,14,17.8,88,"198",NA
"394","NA","New_York","MJS377","Female","N2",174,80,19,14,24.1,94,"205",NA
"395","NA","New_York","MJS328","Female","N2",166,82,19,15,21.6,84,"207",NA
"396","NA","New_York","MJS236","Female","N2",155,70,18,13,18.3,85,"234",NA
"397","NA","New_York","MJS362","Female","N2",186,80,18,15,22.6,106,"242",NA
"398","NA","New_York","MJS157","Female","N2",165,82,19,14,17.3,83,"245",NA
"399","NA","New_York","MJS228","Female","N2",182,86,19,16,21,96,"256",NA
"400","NA","New_York","MJS344","Female","N2",180,81,17,14,17.6,99,"261",NA
"401","NA","New_York","MJS239","Female","N2",185,82,19,15,26.9,103,"277",NA
"402","NA","New_York","MJS236","Female","N2",175,79,19,18,20.5,96,"279",NA
"403","NA","New_York","MJS238","Female","N2",167,84,19,14,18.1,83,"280",NA
"404","NA","New_York","MJS239","Female","N2",170,85,18.5,14,15.7,85,"281",NA
"405","NA","New_York","MJS240","Female","N2",169,78,19,15,17.7,91,"281",NA
"406","NA","New_York","MJS241","Female","N2",179,87,20,15,21.4,92,"281",NA
"407","NA","New_York","MJS238","Female","N2",162,80,17,15,24.1,82,"293",NA
"408","NA","New_York","MJS218","Female","N2",182,86,18,15,29.4,96,"303",NA
"409","NA","New_York","MJS235","Female","N2",176,88,20,14,26.4,88,"314",NA
"410","NA","New_York","MJS232","Female","N2",166,75,16,15,18.9,91,"320",NA
"411","NA","New_York","MJS440","Female","N2",164,77,18,14,18.8,87,"347",NA
"412","NA","New_York","MJS243","Female","N2",181,88,20,15,19.2,93,"358",NA
"413","NA","New_York","MJS307","Female","N2",164,76,19,15,20,88,"359",NA
"414","NA","New_York","MJS231","Female","N2",169,81,20,15,17.9,88,"361",NA
"415","NA","New_York","MJS232","Female","N2",164,78,20,15,17.1,86,"361",NA
"416","NA","New_York","MJS247","Female","N2",173,85,19.5,15,22.1,88,"362",NA
"417","NA","New_York","MJS225","Female","N2",176,75,19,14,20.3,101,"NA",NA
"418","MVZ:Mamm:236637","New_York","MJS242","Male","N2",168,80,19,15,20.5,88,"280",NA
"419","NA","New_York","MJS203","Male","N2",162,78,19,15,18.1,84,"134",NA
"420","NA","New_York","MJS234","Male","N2",171,77,19,14,21.1,94,"134",NA
"421","NA","New_York","MJS158","Male","N2",166,83,19,15,18.5,83,"135",NA
"422","NA","New_York","MJS230","Male","N2",162,78,20,14,24.2,84,"135",NA
"423","NA","New_York","MJS248","Male","N2",161,70,18,15,21.5,91,"145",NA
"424","NA","New_York","MJS310","Male","N2",171,80,20,16,20.8,91,"145",NA
"425","NA","New_York","MJS250","Male","N2",184,83,19,14,27.4,101,"146",NA
"426","NA","New_York","MJS346","Male","N2",176,84,19,15,27.8,92,"183",NA
"427","NA","New_York","MJS225","Male","N2",176,80,20,14,23.9,96,"184",NA
"428","NA","New_York","MJS379","Male","N2",190,86,18,15,19.4,104,"205",NA
"429","NA","New_York","MJS327","Male","N2",172,83,19,14,21.5,89,"207",NA
"430","NA","New_York","MJS355","Male","N2",168,76,18,14,25,92,"242",NA
"431","NA","New_York","MJS162","Male","N2",174,84,19,15,27.4,90,"247",NA
"432","NA","New_York","MJS345","Male","N2",177,85,17,15,16.6,92,"261",NA
"433","NA","New_York","MJS235","Male","N2",172,84,19,15,21.6,88,"279",NA
"434","NA","New_York","MJS227","Male","N2",160,71,20,15,22.7,89,"281",NA
"435","NA","New_York","MJS237","Male","N2",165,80,19,15,22.7,85,"293",NA
"436","NA","New_York","MJS240","Male","N2",180,79,18,15,29.1,101,"300",NA
"437","NA","New_York","MJS228","Male","N2",177,83,19,15,21.9,94,"308",NA
"438","NA","New_York","MJS230","Male","N2",175,89,19,15,21.4,86,"308",NA
"439","NA","New_York","MJS237","Male","N2",175,86,19,15,21.6,89,"308",NA
"440","NA","New_York","MJS229","Male","N2",189,85,20,16,41.2,104,"320",NA
"441","NA","New_York","MJS441","Male","N2",167,78,18,15,20.6,89,"347",NA
"442","NA","New_York","MJS244","Male","N2",181,90,19,15,20.8,91,"358",NA
"443","NA","New_York","MJS245","Male","N2",185,89,20,15,25.6,96,"359",NA
"444","NA","New_York","MJS246","Male","N2",185,87,20,14,29.9,98,"359",NA
"445","NA","New_York","MJS306","Male","N2",172,78,20,15,29.5,94,"359",NA
"446","NA","New_York","MJS234","Male","N2",169,80,19,15,21.9,89,"361",NA
"447","NA","New_York","MJS226","Male","N2",171,75,20,15,24,96,"363",NA
"448","NA","New_York","MJS143","Male","N2",161,74,18,12.5,17,87,"NA",NA
"449","NA","New_York","MJS144","Male","N2",168,74,19,13,17.6,94,"NA",NA
"450","NA","New_York","MJS145","Male","N2",160,75,18.5,13,16.6,85,"NA",NA
"451","NA","New_York","MJS146","Male","N2",176,74,18,13,19.3,102,"NA",NA
