"","DOB","DateMeasured","Age_days","Age_weeks","Age_category","Population","Generation","Line","Mouse_ID","Sex","Environment","Body_Weight_g","Tail_Length_mm","PopEnv"
"1","7/17/18","9/29/18",74,10.57,"endexp","Brazil","N11","MANA","193x255_BZ1","Female","Cold",10.89,72.5,"Brazil - Cold"
"2","7/17/18","9/29/18",74,10.57,"endexp","Brazil","N11","MANA","193x255_BZ2","Male","Warm",10.35,76,"Brazil - Warm"
"3","7/17/18","9/29/18",74,10.57,"endexp","Brazil","N11","MANA","193x255_BZ4","Male","Warm",14.42,83,"Brazil - Warm"
"4","7/17/18","9/29/18",74,10.57,"endexp","Brazil","N11","MANA","193x255_BZ6","Male","Cold",12.52,73,"Brazil - Cold"
"5","8/13/18","10/27/18",75,10.71,"endexp","Brazil","N11","MANA","193x255_BZ3","Female","Cold",10.95,72.5,"Brazil - Cold"
"6","8/13/18","10/27/18",75,10.71,"endexp","Brazil","N11","MANA","193x255_BZ5","Female","Warm",9.38,74.5,"Brazil - Warm"
"7","8/13/18","10/27/18",75,10.71,"endexp","Brazil","N11","MANA","193x255_BZ7","Female","Warm",12.03,81,"Brazil - Warm"
"8","8/13/18","10/27/18",75,10.71,"endexp","Brazil","N11","MANA","193x255_BZ8","Male","Cold",12.92,76,"Brazil - Cold"
"9","8/13/18","10/27/18",75,10.71,"endexp","Brazil","N11","MANA","193x255_BZ9","Female","Warm",11.39,79.5,"Brazil - Warm"
"10","9/8/18","11/21/18",74,10.57,"endexp","Brazil","N11","MANA","193x255_BZ11","Female","Warm",10.71,79.5,"Brazil - Warm"
"11","9/8/18","11/21/18",74,10.57,"endexp","Brazil","N11","MANA","193x255_BZ10","Male","Warm",12.78,78.5,"Brazil - Warm"
"12","9/8/18","11/21/18",74,10.57,"endexp","Brazil","N11","MANA","193x255_BZ12","Male","Cold",13.18,76,"Brazil - Cold"
"13","9/8/18","11/21/18",74,10.57,"endexp","Brazil","N11","MANA","193x255_BZ14","Male","Warm",10.96,78,"Brazil - Warm"
"14","9/8/18","11/21/18",74,10.57,"endexp","Brazil","N11","MANA","193x255_BZ13","Male","Cold",11.59,70.5,"Brazil - Cold"
"15","10/29/18","1/16/19",79,11.29,"endexp","Brazil","N11","MANA","193x255_BZ19","Female","Cold",10.86,71,"Brazil - Cold"
"16","10/29/18","1/16/19",79,11.29,"endexp","Brazil","N11","MANA","193x255_BZ21","Female","Cold",11.83,73,"Brazil - Cold"
"17","10/29/18","1/16/19",79,11.29,"endexp","Brazil","N11","MANA","193x255_BZ23","Female","Warm",11.79,77.5,"Brazil - Warm"
"18","11/23/18","2/2/19",71,10.14,"endexp","Brazil","N11","MANA","193x255_BZ18","Male","Warm",10.92,80,"Brazil - Warm"
"19","11/23/18","2/2/19",71,10.14,"endexp","Brazil","N11","MANA","193x255_BZ20","Male","Cold",12.29,74,"Brazil - Cold"
"20","11/23/18","2/2/19",71,10.14,"endexp","Brazil","N11","MANA","193x255_BZ25","Female","Cold",11.62,75.5,"Brazil - Cold"
"21","11/23/18","2/2/19",71,10.14,"endexp","Brazil","N11","MANA","193x255_BZ27","Female","Warm",10.87,80.5,"Brazil - Warm"
"22","11/23/18","2/2/19",71,10.14,"endexp","Brazil","N11","MANA","193x255_BZ29","Female","Cold",11.34,73,"Brazil - Cold"
"23","12/18/18","3/2/19",74,10.57,"endexp","Brazil","N11","MANA","193x255_BZ31","Female","Warm",11.61,79,"Brazil - Warm"
"24","12/18/18","3/2/19",74,10.57,"endexp","Brazil","N11","MANA","193x255_BZ33","Female","Cold",11.81,71,"Brazil - Cold"
"25","2/1/19","4/22/19",80,11.43,"endexp","Brazil","N11","MANA","193x255_BZ26","Male","Cold",12.87,72.5,"Brazil - Cold"
"26","2/1/19","4/21/19",79,11.29,"endexp","Brazil","N11","MANA","193x255_BZ28","Male","Cold",14.05,75,"Brazil - Cold"
"27","2/1/19","4/21/19",79,11.29,"endexp","Brazil","N11","MANA","193x255_BZ30","Male","Warm",14.05,83,"Brazil - Warm"
"28","7/17/18","8/18/18",32,4.57,"na","Brazil","N11","MANA","193x255_BZ1","Female","Cold",8.55,64.5,"Brazil - Cold"
"29","7/17/18","8/18/18",32,4.57,"na","Brazil","N11","MANA","193x255_BZ2","Male","Warm",8.46,62.5,"Brazil - Warm"
"30","7/17/18","8/18/18",32,4.57,"na","Brazil","N11","MANA","193x255_BZ4","Male","Warm",10.12,69,"Brazil - Warm"
"31","7/17/18","8/18/18",32,4.57,"na","Brazil","N11","MANA","193x255_BZ6","Male","Cold",9.76,65,"Brazil - Cold"
"32","7/17/18","8/25/18",39,5.57,"na","Brazil","N11","MANA","193x255_BZ1","Female","Cold",9.13,65.5,"Brazil - Cold"
"33","7/17/18","8/25/18",39,5.57,"na","Brazil","N11","MANA","193x255_BZ2","Male","Warm",9.21,67,"Brazil - Warm"
"34","7/17/18","8/25/18",39,5.57,"na","Brazil","N11","MANA","193x255_BZ4","Male","Warm",12.2,73.5,"Brazil - Warm"
"35","7/17/18","8/25/18",39,5.57,"na","Brazil","N11","MANA","193x255_BZ6","Male","Cold",10.74,66.5,"Brazil - Cold"
"36","7/17/18","9/1/18",46,6.57,"na","Brazil","N11","MANA","193x255_BZ1","Female","Cold",10.11,67.5,"Brazil - Cold"
"37","7/17/18","9/1/18",46,6.57,"na","Brazil","N11","MANA","193x255_BZ2","Male","Warm",9.02,70.5,"Brazil - Warm"
"38","7/17/18","9/1/18",46,6.57,"na","Brazil","N11","MANA","193x255_BZ4","Male","Warm",12.97,77.5,"Brazil - Warm"
"39","7/17/18","9/1/18",46,6.57,"na","Brazil","N11","MANA","193x255_BZ6","Male","Cold",11.58,71,"Brazil - Cold"
"40","7/17/18","9/9/18",54,7.71,"na","Brazil","N11","MANA","193x255_BZ1","Female","Cold",10.9,70,"Brazil - Cold"
"41","7/17/18","9/9/18",54,7.71,"na","Brazil","N11","MANA","193x255_BZ2","Male","Warm",9.78,74,"Brazil - Warm"
"42","7/17/18","9/9/18",54,7.71,"na","Brazil","N11","MANA","193x255_BZ4","Male","Warm",13.5,79,"Brazil - Warm"
"43","7/17/18","9/9/18",54,7.71,"na","Brazil","N11","MANA","193x255_BZ6","Male","Cold",11.69,71.5,"Brazil - Cold"
"44","7/17/18","9/16/18",61,8.71,"na","Brazil","N11","MANA","193x255_BZ1","Female","Cold",10.96,71,"Brazil - Cold"
"45","7/17/18","9/16/18",61,8.71,"na","Brazil","N11","MANA","193x255_BZ2","Male","Warm",10.16,74,"Brazil - Warm"
"46","7/17/18","9/16/18",61,8.71,"na","Brazil","N11","MANA","193x255_BZ4","Male","Warm",13.93,82.5,"Brazil - Warm"
"47","7/17/18","9/16/18",61,8.71,"na","Brazil","N11","MANA","193x255_BZ6","Male","Cold",11.95,73,"Brazil - Cold"
"48","7/17/18","9/23/18",68,9.71,"na","Brazil","N11","MANA","193x255_BZ1","Female","Cold",10.92,72,"Brazil - Cold"
"49","7/17/18","9/23/18",68,9.71,"na","Brazil","N11","MANA","193x255_BZ2","Male","Warm",10.18,76,"Brazil - Warm"
"50","7/17/18","9/23/18",68,9.71,"na","Brazil","N11","MANA","193x255_BZ4","Male","Warm",14.36,83,"Brazil - Warm"
"51","7/17/18","9/23/18",68,9.71,"na","Brazil","N11","MANA","193x255_BZ6","Male","Cold",11.98,73,"Brazil - Cold"
"52","8/13/18","9/14/18",32,4.57,"na","Brazil","N11","MANA","193x255_BZ3","Female","Cold",8.31,65,"Brazil - Cold"
"53","8/13/18","9/14/18",32,4.57,"na","Brazil","N11","MANA","193x255_BZ5","Female","Warm",7.22,61.5,"Brazil - Warm"
"54","8/13/18","9/14/18",32,4.57,"na","Brazil","N11","MANA","193x255_BZ7","Female","Warm",9.7,71.5,"Brazil - Warm"
"55","8/13/18","9/14/18",32,4.57,"na","Brazil","N11","MANA","193x255_BZ8","Male","Cold",9.66,67,"Brazil - Cold"
"56","8/13/18","9/14/18",32,4.57,"na","Brazil","N11","MANA","193x255_BZ9","Female","Warm",9.46,70.5,"Brazil - Warm"
"57","8/13/18","9/22/18",40,5.71,"na","Brazil","N11","MANA","193x255_BZ3","Female","Cold",9.65,67.5,"Brazil - Cold"
"58","8/13/18","9/22/18",40,5.71,"na","Brazil","N11","MANA","193x255_BZ5","Female","Warm",8.21,66.5,"Brazil - Warm"
"59","8/13/18","9/22/18",40,5.71,"na","Brazil","N11","MANA","193x255_BZ7","Female","Warm",11.33,76.5,"Brazil - Warm"
"60","8/13/18","9/22/18",40,5.71,"na","Brazil","N11","MANA","193x255_BZ8","Male","Cold",11.28,70.5,"Brazil - Cold"
"61","8/13/18","9/22/18",40,5.71,"na","Brazil","N11","MANA","193x255_BZ9","Female","Warm",10.81,75.5,"Brazil - Warm"
"62","8/13/18","9/28/18",46,6.57,"na","Brazil","N11","MANA","193x255_BZ3","Female","Cold",10.13,68.5,"Brazil - Cold"
"63","8/13/18","9/28/18",46,6.57,"na","Brazil","N11","MANA","193x255_BZ5","Female","Warm",8.64,69,"Brazil - Warm"
"64","8/13/18","9/28/18",46,6.57,"na","Brazil","N11","MANA","193x255_BZ7","Female","Warm",11.56,77,"Brazil - Warm"
"65","8/13/18","9/28/18",46,6.57,"na","Brazil","N11","MANA","193x255_BZ8","Male","Cold",11.78,71,"Brazil - Cold"
"66","8/13/18","9/28/18",46,6.57,"na","Brazil","N11","MANA","193x255_BZ9","Female","Warm",10.84,76,"Brazil - Warm"
"67","8/13/18","10/6/18",54,7.71,"na","Brazil","N11","MANA","193x255_BZ3","Female","Cold",10.51,69.5,"Brazil - Cold"
"68","8/13/18","10/6/18",54,7.71,"na","Brazil","N11","MANA","193x255_BZ5","Female","Warm",9.57,71,"Brazil - Warm"
"69","8/13/18","10/6/18",54,7.71,"na","Brazil","N11","MANA","193x255_BZ7","Female","Warm",12.28,79.5,"Brazil - Warm"
"70","8/13/18","10/6/18",54,7.71,"na","Brazil","N11","MANA","193x255_BZ8","Male","Cold",11.82,73,"Brazil - Cold"
"71","8/13/18","10/6/18",54,7.71,"na","Brazil","N11","MANA","193x255_BZ9","Female","Warm",11.2,76,"Brazil - Warm"
"72","8/13/18","10/12/18",60,8.57,"na","Brazil","N11","MANA","193x255_BZ3","Female","Cold",10.47,71.5,"Brazil - Cold"
"73","8/13/18","10/12/18",60,8.57,"na","Brazil","N11","MANA","193x255_BZ5","Female","Warm",9.26,72,"Brazil - Warm"
"74","8/13/18","10/12/18",60,8.57,"na","Brazil","N11","MANA","193x255_BZ7","Female","Warm",11.88,79.5,"Brazil - Warm"
"75","8/13/18","10/12/18",60,8.57,"na","Brazil","N11","MANA","193x255_BZ8","Male","Cold",12.27,74,"Brazil - Cold"
"76","8/13/18","10/12/18",60,8.57,"na","Brazil","N11","MANA","193x255_BZ9","Female","Warm",11.01,79,"Brazil - Warm"
"77","8/13/18","10/19/18",67,9.57,"na","Brazil","N11","MANA","193x255_BZ3","Female","Cold",10.94,72,"Brazil - Cold"
"78","8/13/18","10/19/18",67,9.57,"na","Brazil","N11","MANA","193x255_BZ5","Female","Warm",9.69,74.5,"Brazil - Warm"
"79","8/13/18","10/19/18",67,9.57,"na","Brazil","N11","MANA","193x255_BZ7","Female","Warm",12.14,80,"Brazil - Warm"
"80","8/13/18","10/19/18",67,9.57,"na","Brazil","N11","MANA","193x255_BZ8","Male","Cold",12.52,75.5,"Brazil - Cold"
"81","8/13/18","10/19/18",67,9.57,"na","Brazil","N11","MANA","193x255_BZ9","Female","Warm",11.63,79,"Brazil - Warm"
"82","9/8/18","10/10/18",32,4.57,"na","Brazil","N11","MANA","193x255_BZ11","Female","Warm",8.56,67.5,"Brazil - Warm"
"83","9/8/18","10/17/18",39,5.57,"na","Brazil","N11","MANA","193x255_BZ11","Female","Warm",9.85,71,"Brazil - Warm"
"84","9/8/18","10/24/18",46,6.57,"na","Brazil","N11","MANA","193x255_BZ11","Female","Warm",10.12,73.5,"Brazil - Warm"
"85","9/8/18","10/31/18",53,7.57,"na","Brazil","N11","MANA","193x255_BZ11","Female","Warm",10.54,76,"Brazil - Warm"
"86","9/8/18","11/7/18",60,8.57,"na","Brazil","N11","MANA","193x255_BZ11","Female","Warm",10.75,77,"Brazil - Warm"
"87","9/8/18","11/14/18",67,9.57,"na","Brazil","N11","MANA","193x255_BZ11","Female","Warm",10.92,78,"Brazil - Warm"
"88","9/8/18","10/10/18",32,4.57,"na","Brazil","N11","MANA","193x255_BZ10","Male","Warm",9.75,64.5,"Brazil - Warm"
"89","9/8/18","10/17/18",39,5.57,"na","Brazil","N11","MANA","193x255_BZ10","Male","Warm",11.11,70,"Brazil - Warm"
"90","9/8/18","10/24/18",46,6.57,"na","Brazil","N11","MANA","193x255_BZ10","Male","Warm",11.76,73.5,"Brazil - Warm"
"91","9/8/18","10/31/18",53,7.57,"na","Brazil","N11","MANA","193x255_BZ10","Male","Warm",12.32,75.5,"Brazil - Warm"
"92","9/8/18","11/7/18",60,8.57,"na","Brazil","N11","MANA","193x255_BZ10","Male","Warm",12.27,77,"Brazil - Warm"
"93","9/8/18","11/14/18",67,9.57,"na","Brazil","N11","MANA","193x255_BZ10","Male","Warm",12.56,78.5,"Brazil - Warm"
"94","9/8/18","10/10/18",32,4.57,"na","Brazil","N11","MANA","193x255_BZ12","Male","Cold",8.89,64,"Brazil - Cold"
"95","9/8/18","10/17/18",39,5.57,"na","Brazil","N11","MANA","193x255_BZ12","Male","Cold",10.8,67,"Brazil - Cold"
"96","9/8/18","10/24/18",46,6.57,"na","Brazil","N11","MANA","193x255_BZ12","Male","Cold",11.41,70,"Brazil - Cold"
"97","9/8/18","10/31/18",53,7.57,"na","Brazil","N11","MANA","193x255_BZ12","Male","Cold",11.64,70.5,"Brazil - Cold"
"98","9/8/18","11/7/18",60,8.57,"na","Brazil","N11","MANA","193x255_BZ12","Male","Cold",12.08,72.5,"Brazil - Cold"
"99","9/8/18","11/14/18",67,9.57,"na","Brazil","N11","MANA","193x255_BZ12","Male","Cold",12.55,73,"Brazil - Cold"
"100","9/8/18","10/10/18",32,4.57,"na","Brazil","N11","MANA","193x255_BZ14","Male","Warm",7.6,64,"Brazil - Warm"
"101","9/8/18","10/17/18",39,5.57,"na","Brazil","N11","MANA","193x255_BZ14","Male","Warm",8.96,67,"Brazil - Warm"
"102","9/8/18","10/24/18",46,6.57,"na","Brazil","N11","MANA","193x255_BZ14","Male","Warm",9.7,70,"Brazil - Warm"
"103","9/8/18","10/31/18",53,7.57,"na","Brazil","N11","MANA","193x255_BZ14","Male","Warm",10.58,75.5,"Brazil - Warm"
"104","9/8/18","11/7/18",60,8.57,"na","Brazil","N11","MANA","193x255_BZ14","Male","Warm",10.99,76,"Brazil - Warm"
"105","9/8/18","11/14/18",67,9.57,"na","Brazil","N11","MANA","193x255_BZ14","Male","Warm",10.98,76,"Brazil - Warm"
"106","9/8/18","10/10/18",32,4.57,"na","Brazil","N11","MANA","193x255_BZ13","Male","Cold",7.5,59,"Brazil - Cold"
"107","9/8/18","10/17/18",39,5.57,"na","Brazil","N11","MANA","193x255_BZ13","Male","Cold",8.98,62,"Brazil - Cold"
"108","9/8/18","10/24/18",46,6.57,"na","Brazil","N11","MANA","193x255_BZ13","Male","Cold",9.79,64.5,"Brazil - Cold"
"109","9/8/18","10/31/18",53,7.57,"na","Brazil","N11","MANA","193x255_BZ13","Male","Cold",10.26,66.5,"Brazil - Cold"
"110","9/8/18","11/7/18",60,8.57,"na","Brazil","N11","MANA","193x255_BZ13","Male","Cold",10.74,68,"Brazil - Cold"
"111","9/8/18","11/14/18",67,9.57,"na","Brazil","N11","MANA","193x255_BZ13","Male","Cold",11.26,70,"Brazil - Cold"
"112","10/29/18","12/2/18",34,4.86,"na","Brazil","N11","MANA","193x255_BZ19","Female","Cold",8.72,64.5,"Brazil - Cold"
"113","10/29/18","12/16/18",48,6.86,"na","Brazil","N11","MANA","193x255_BZ19","Female","Cold",9.94,67.5,"Brazil - Cold"
"114","10/29/18","12/29/18",61,8.71,"na","Brazil","N11","MANA","193x255_BZ19","Female","Cold",10.03,70,"Brazil - Cold"
"115","10/29/18","1/10/19",73,10.43,"na","Brazil","N11","MANA","193x255_BZ19","Female","Cold",10.72,NA,"Brazil - Cold"
"116","10/29/18","12/2/18",34,4.86,"na","Brazil","N11","MANA","193x255_BZ21","Female","Cold",9.26,65,"Brazil - Cold"
"117","10/29/18","12/16/18",48,6.86,"na","Brazil","N11","MANA","193x255_BZ21","Female","Cold",11.85,70.5,"Brazil - Cold"
"118","10/29/18","12/29/18",61,8.71,"na","Brazil","N11","MANA","193x255_BZ21","Female","Cold",11.32,72.5,"Brazil - Cold"
"119","10/29/18","1/10/19",73,10.43,"na","Brazil","N11","MANA","193x255_BZ21","Female","Cold",11.91,NA,"Brazil - Cold"
"120","10/29/18","12/2/18",34,4.86,"na","Brazil","N11","MANA","193x255_BZ23","Female","Warm",9.22,66.5,"Brazil - Warm"
"121","10/29/18","12/16/18",48,6.86,"na","Brazil","N11","MANA","193x255_BZ23","Female","Warm",11.13,73.5,"Brazil - Warm"
"122","10/29/18","12/29/18",61,8.71,"na","Brazil","N11","MANA","193x255_BZ23","Female","Warm",11.63,77,"Brazil - Warm"
"123","10/29/18","1/10/19",73,10.43,"na","Brazil","N11","MANA","193x255_BZ23","Female","Warm",11.44,NA,"Brazil - Warm"
"124","11/23/18","1/1/19",39,5.57,"na","Brazil","N11","MANA","193x255_BZ18","Male","Warm",9.76,70,"Brazil - Warm"
"125","11/23/18","1/9/19",47,6.71,"na","Brazil","N11","MANA","193x255_BZ18","Male","Warm",10.31,75.5,"Brazil - Warm"
"126","11/23/18","1/16/19",54,7.71,"na","Brazil","N11","MANA","193x255_BZ18","Male","Warm",10.38,75.5,"Brazil - Warm"
"127","11/23/18","1/31/19",69,9.86,"na","Brazil","N11","MANA","193x255_BZ18","Male","Warm",10.91,NA,"Brazil - Warm"
"128","11/23/18","1/1/19",39,5.57,"na","Brazil","N11","MANA","193x255_BZ20","Male","Cold",11.28,68,"Brazil - Cold"
"129","11/23/18","1/9/19",47,6.71,"na","Brazil","N11","MANA","193x255_BZ20","Male","Cold",11.2,69,"Brazil - Cold"
"130","11/23/18","1/16/19",54,7.71,"na","Brazil","N11","MANA","193x255_BZ20","Male","Cold",11.35,72.5,"Brazil - Cold"
"131","11/23/18","1/31/19",69,9.86,"na","Brazil","N11","MANA","193x255_BZ20","Male","Cold",12.18,NA,"Brazil - Cold"
"132","11/23/18","1/1/19",39,5.57,"na","Brazil","N11","MANA","193x255_BZ25","Female","Cold",10.54,67.5,"Brazil - Cold"
"133","11/23/18","1/9/19",47,6.71,"na","Brazil","N11","MANA","193x255_BZ25","Female","Cold",11.13,72,"Brazil - Cold"
"134","11/23/18","1/16/19",54,7.71,"na","Brazil","N11","MANA","193x255_BZ25","Female","Cold",10.92,73.5,"Brazil - Cold"
"135","11/23/18","1/31/19",69,9.86,"na","Brazil","N11","MANA","193x255_BZ25","Female","Cold",11.72,NA,"Brazil - Cold"
"136","11/23/18","1/1/19",39,5.57,"na","Brazil","N11","MANA","193x255_BZ27","Female","Warm",10.01,74,"Brazil - Warm"
"137","11/23/18","1/9/19",47,6.71,"na","Brazil","N11","MANA","193x255_BZ27","Female","Warm",11.16,77.5,"Brazil - Warm"
"138","11/23/18","1/16/19",54,7.71,"na","Brazil","N11","MANA","193x255_BZ27","Female","Warm",11.63,78,"Brazil - Warm"
"139","11/23/18","1/31/19",69,9.86,"na","Brazil","N11","MANA","193x255_BZ27","Female","Warm",11.66,NA,"Brazil - Warm"
"140","11/23/18","1/1/19",39,5.57,"na","Brazil","N11","MANA","193x255_BZ29","Female","Cold",9.89,NA,"Brazil - Cold"
"141","11/23/18","1/9/19",47,6.71,"na","Brazil","N11","MANA","193x255_BZ29","Female","Cold",10.83,NA,"Brazil - Cold"
"142","11/23/18","1/16/19",54,7.71,"na","Brazil","N11","MANA","193x255_BZ29","Female","Cold",10.67,NA,"Brazil - Cold"
"143","11/23/18","1/31/19",69,9.86,"na","Brazil","N11","MANA","193x255_BZ29","Female","Cold",11.53,NA,"Brazil - Cold"
"144","12/18/18","1/21/19",34,4.86,"na","Brazil","N11","MANA","193x255_BZ31","Female","Warm",8.66,70.5,"Brazil - Warm"
"145","12/18/18","1/26/19",39,5.57,"na","Brazil","N11","MANA","193x255_BZ31","Female","Warm",9.4,73.5,"Brazil - Warm"
"146","12/18/18","2/2/19",46,6.57,"na","Brazil","N11","MANA","193x255_BZ31","Female","Warm",9.43,74.5,"Brazil - Warm"
"147","12/18/18","2/16/19",60,8.57,"na","Brazil","N11","MANA","193x255_BZ31","Female","Warm",10.12,75.5,"Brazil - Warm"
"148","12/18/18","2/25/19",69,9.86,"na","Brazil","N11","MANA","193x255_BZ31","Female","Warm",11.71,76,"Brazil - Warm"
"149","12/18/18","1/21/19",34,4.86,"na","Brazil","N11","MANA","193x255_BZ33","Female","Cold",9.75,65,"Brazil - Cold"
"150","12/18/18","1/26/19",39,5.57,"na","Brazil","N11","MANA","193x255_BZ33","Female","Cold",10.33,66.5,"Brazil - Cold"
"151","12/18/18","2/2/19",46,6.57,"na","Brazil","N11","MANA","193x255_BZ33","Female","Cold",10.29,70,"Brazil - Cold"
"152","12/18/18","2/16/19",60,8.57,"na","Brazil","N11","MANA","193x255_BZ33","Female","Cold",11.68,NA,"Brazil - Cold"
"153","12/18/18","2/25/19",69,9.86,"na","Brazil","N11","MANA","193x255_BZ33","Female","Cold",11.11,NA,"Brazil - Cold"
"154","2/1/19","3/5/19",32,4.57,"na","Brazil","N11","MANA","193x255_BZ26","Male","Cold",8.68,65.5,"Brazil - Cold"
"155","2/1/19","3/14/19",41,5.86,"na","Brazil","N11","MANA","193x255_BZ26","Male","Cold",10.3,67,"Brazil - Cold"
"156","2/1/19","3/26/19",53,7.57,"na","Brazil","N11","MANA","193x255_BZ26","Male","Cold",11.47,72,"Brazil - Cold"
"157","2/1/19","4/2/19",60,8.57,"na","Brazil","N11","MANA","193x255_BZ26","Male","Cold",12.18,72,"Brazil - Cold"
"158","2/1/19","4/18/19",76,10.86,"na","Brazil","N11","MANA","193x255_BZ26","Male","Cold",12.12,NA,"Brazil - Cold"
"159","2/1/19","3/5/19",32,4.57,"na","Brazil","N11","MANA","193x255_BZ28","Male","Cold",9.5,65,"Brazil - Cold"
"160","2/1/19","3/14/19",41,5.86,"na","Brazil","N11","MANA","193x255_BZ28","Male","Cold",11.11,68.5,"Brazil - Cold"
"161","2/1/19","3/26/19",53,7.57,"na","Brazil","N11","MANA","193x255_BZ28","Male","Cold",11.86,71,"Brazil - Cold"
"162","2/1/19","4/2/19",60,8.57,"na","Brazil","N11","MANA","193x255_BZ28","Male","Cold",12.82,74.5,"Brazil - Cold"
"163","2/1/19","4/18/19",76,10.86,"na","Brazil","N11","MANA","193x255_BZ28","Male","Cold",13.88,NA,"Brazil - Cold"
"164","2/1/19","3/5/19",32,4.57,"na","Brazil","N11","MANA","193x255_BZ30","Male","Warm",9.79,71.5,"Brazil - Warm"
"165","2/1/19","3/14/19",41,5.86,"na","Brazil","N11","MANA","193x255_BZ30","Male","Warm",11.06,76.5,"Brazil - Warm"
"166","2/1/19","3/26/19",53,7.57,"na","Brazil","N11","MANA","193x255_BZ30","Male","Warm",11.63,81,"Brazil - Warm"
"167","2/1/19","4/2/19",60,8.57,"na","Brazil","N11","MANA","193x255_BZ30","Male","Warm",12.58,82,"Brazil - Warm"
"168","2/1/19","4/18/19",76,10.86,"na","Brazil","N11","MANA","193x255_BZ30","Male","Warm",13.93,NA,"Brazil - Warm"
"169","7/17/18","8/11/18",25,3.57,"startexp","Brazil","N11","MANA","193x255_BZ1","Female","Cold",7.16,63,"Brazil - Cold"
"170","7/17/18","8/11/18",25,3.57,"startexp","Brazil","N11","MANA","193x255_BZ2","Male","Warm",5.57,55.5,"Brazil - Warm"
"171","7/17/18","8/11/18",25,3.57,"startexp","Brazil","N11","MANA","193x255_BZ4","Male","Warm",6.79,63.5,"Brazil - Warm"
"172","7/17/18","8/11/18",25,3.57,"startexp","Brazil","N11","MANA","193x255_BZ6","Male","Cold",7.58,64.5,"Brazil - Cold"
"173","8/13/18","9/6/18",24,3.43,"startexp","Brazil","N11","MANA","193x255_BZ3","Female","Cold",6.51,63,"Brazil - Cold"
"174","8/13/18","9/6/18",24,3.43,"startexp","Brazil","N11","MANA","193x255_BZ5","Female","Warm",5.82,59.5,"Brazil - Warm"
"175","8/13/18","9/6/18",24,3.43,"startexp","Brazil","N11","MANA","193x255_BZ7","Female","Warm",7.18,65,"Brazil - Warm"
"176","8/13/18","9/6/18",24,3.43,"startexp","Brazil","N11","MANA","193x255_BZ8","Male","Cold",7.02,65.5,"Brazil - Cold"
"177","8/13/18","9/6/18",24,3.43,"startexp","Brazil","N11","MANA","193x255_BZ9","Female","Warm",6.67,64,"Brazil - Warm"
"178","9/8/18","10/3/18",25,3.57,"startexp","Brazil","N11","MANA","193x255_BZ11","Female","Warm",6.93,61,"Brazil - Warm"
"179","9/8/18","10/3/18",25,3.57,"startexp","Brazil","N11","MANA","193x255_BZ10","Male","Warm",6.91,57,"Brazil - Warm"
"180","9/8/18","10/3/18",25,3.57,"startexp","Brazil","N11","MANA","193x255_BZ12","Male","Cold",6.91,60,"Brazil - Cold"
"181","9/8/18","10/3/18",25,3.57,"startexp","Brazil","N11","MANA","193x255_BZ14","Male","Warm",6.21,58.5,"Brazil - Warm"
"182","9/8/18","10/3/18",25,3.57,"startexp","Brazil","N11","MANA","193x255_BZ13","Male","Cold",5.85,56.5,"Brazil - Cold"
"183","10/29/18","11/24/18",26,3.71,"startexp","Brazil","N11","MANA","193x255_BZ19","Female","Cold",7.26,62,"Brazil - Cold"
"184","10/29/18","11/24/18",26,3.71,"startexp","Brazil","N11","MANA","193x255_BZ21","Female","Cold",7.6,63.5,"Brazil - Cold"
"185","10/29/18","11/24/18",26,3.71,"startexp","Brazil","N11","MANA","193x255_BZ23","Female","Warm",8.14,61.5,"Brazil - Warm"
"186","11/23/18","12/18/18",25,3.57,"startexp","Brazil","N11","MANA","193x255_BZ18","Male","Warm",6.29,61.5,"Brazil - Warm"
"187","11/23/18","12/18/18",25,3.57,"startexp","Brazil","N11","MANA","193x255_BZ20","Male","Cold",6.81,64,"Brazil - Cold"
"188","11/23/18","12/18/18",25,3.57,"startexp","Brazil","N11","MANA","193x255_BZ25","Female","Cold",7.24,65.5,"Brazil - Cold"
"189","11/23/18","12/18/18",25,3.57,"startexp","Brazil","N11","MANA","193x255_BZ27","Female","Warm",7.71,67,"Brazil - Warm"
"190","11/23/18","12/18/18",25,3.57,"startexp","Brazil","N11","MANA","193x255_BZ29","Female","Cold",6.73,NA,"Brazil - Cold"
"191","12/18/18","1/12/19",25,3.57,"startexp","Brazil","N11","MANA","193x255_BZ31","Female","Warm",7,64,"Brazil - Warm"
"192","12/18/18","1/12/19",25,3.57,"startexp","Brazil","N11","MANA","193x255_BZ33","Female","Cold",7.13,58.5,"Brazil - Cold"
"193","2/1/19","2/27/19",26,3.71,"startexp","Brazil","N11","MANA","193x255_BZ26","Male","Cold",7.19,65,"Brazil - Cold"
"194","2/1/19","2/27/19",26,3.71,"startexp","Brazil","N11","MANA","193x255_BZ28","Male","Cold",7.91,63.5,"Brazil - Cold"
"195","2/1/19","2/27/19",26,3.71,"startexp","Brazil","N11","MANA","193x255_BZ30","Male","Warm",8.12,69,"Brazil - Warm"
"196","7/17/18","8/7/18",21,3,"weaning","Brazil","N11","MANA","193x255_BZ1","Female","Cold",5.81,60,"Brazil - Cold"
"197","7/17/18","8/7/18",21,3,"weaning","Brazil","N11","MANA","193x255_BZ2","Male","Warm",4.62,54,"Brazil - Warm"
"198","7/17/18","8/7/18",21,3,"weaning","Brazil","N11","MANA","193x255_BZ4","Male","Warm",5.88,60,"Brazil - Warm"
"199","7/17/18","8/7/18",21,3,"weaning","Brazil","N11","MANA","193x255_BZ6","Male","Cold",6.06,62,"Brazil - Cold"
"200","8/13/18","9/3/18",21,3,"weaning","Brazil","N11","MANA","193x255_BZ3","Female","Cold",6,60,"Brazil - Cold"
"201","8/13/18","9/3/18",21,3,"weaning","Brazil","N11","MANA","193x255_BZ5","Female","Warm",5.26,56.5,"Brazil - Warm"
"202","8/13/18","9/3/18",21,3,"weaning","Brazil","N11","MANA","193x255_BZ7","Female","Warm",6.54,62,"Brazil - Warm"
"203","8/13/18","9/3/18",21,3,"weaning","Brazil","N11","MANA","193x255_BZ8","Male","Cold",6.42,61.5,"Brazil - Cold"
"204","8/13/18","9/3/18",21,3,"weaning","Brazil","N11","MANA","193x255_BZ9","Female","Warm",6.44,61.5,"Brazil - Warm"
"205","9/8/18","9/29/18",21,3,"weaning","Brazil","N11","MANA","193x255_BZ11","Female","Warm",5.92,58,"Brazil - Warm"
"206","9/8/18","9/29/18",21,3,"weaning","Brazil","N11","MANA","193x255_BZ10","Male","Warm",5.49,53,"Brazil - Warm"
"207","9/8/18","9/29/18",21,3,"weaning","Brazil","N11","MANA","193x255_BZ12","Male","Cold",5.61,56,"Brazil - Cold"
"208","9/8/18","9/29/18",21,3,"weaning","Brazil","N11","MANA","193x255_BZ14","Male","Warm",5.5,55,"Brazil - Warm"
"209","9/8/18","9/29/18",21,3,"weaning","Brazil","N11","MANA","193x255_BZ13","Male","Cold",5.04,55,"Brazil - Cold"
"210","10/29/18","11/19/18",21,3,"weaning","Brazil","N11","MANA","193x255_BZ19","Female","Cold",6.36,NA,"Brazil - Cold"
"211","10/29/18","11/19/18",21,3,"weaning","Brazil","N11","MANA","193x255_BZ21","Female","Cold",6.6,NA,"Brazil - Cold"
"212","10/29/18","11/19/18",21,3,"weaning","Brazil","N11","MANA","193x255_BZ23","Female","Warm",7.27,NA,"Brazil - Warm"
"213","11/23/18","12/16/18",23,3.29,"weaning","Brazil","N11","MANA","193x255_BZ18","Male","Warm",6.23,NA,"Brazil - Warm"
"214","11/23/18","12/16/18",23,3.29,"weaning","Brazil","N11","MANA","193x255_BZ20","Male","Cold",6.72,NA,"Brazil - Cold"
"215","11/23/18","12/16/18",23,3.29,"weaning","Brazil","N11","MANA","193x255_BZ25","Female","Cold",6.9,NA,"Brazil - Cold"
"216","11/23/18","12/16/18",23,3.29,"weaning","Brazil","N11","MANA","193x255_BZ27","Female","Warm",7.56,NA,"Brazil - Warm"
"217","11/23/18","12/16/18",23,3.29,"weaning","Brazil","N11","MANA","193x255_BZ29","Female","Cold",6.78,NA,"Brazil - Cold"
"218","11/13/18","12/8/18",25,3.57,"startexp","New York","N11","SARA","19x13_NY11","Female","Cold",9.04,50.5,"New York - Cold"
"219","11/13/18","12/5/18",22,3.14,"weaning","New York","N11","SARA","19x13_NY11","Female","Cold",7.24,48,"New York - Cold"
"220","6/29/18","9/10/18",73,10.43,"endexp","New York","N11","SARA","19x13_NY1","Female","Warm",12.96,72,"New York - Warm"
"221","6/29/18","9/10/18",73,10.43,"endexp","New York","N11","SARA","19x13_NY2","Male","Warm",14.52,75.5,"New York - Warm"
"222","6/29/18","9/10/18",73,10.43,"endexp","New York","N11","SARA","19x13_NY3","Female","Warm",13.13,71,"New York - Warm"
"223","6/29/18","9/10/18",73,10.43,"endexp","New York","N11","SARA","19x13_NY4","Male","Cold",15.3,70.5,"New York - Cold"
"224","6/29/18","9/10/18",73,10.43,"endexp","New York","N11","SARA","19x13_NY5","Female","Cold",12.52,69.5,"New York - Cold"
"225","7/20/18","10/1/18",73,10.43,"endexp","New York","N11","SARA","19x13_NY7","Female","Cold",16.76,73,"New York - Cold"
"226","7/20/18","10/1/18",73,10.43,"endexp","New York","N11","SARA","19x13_NY6","Male","Cold",18.52,71.5,"New York - Cold"
"227","7/20/18","10/1/18",73,10.43,"endexp","New York","N11","SARA","19x13_NY8","Male","Warm",13,70.5,"New York - Warm"
"228","8/10/18","10/22/18",73,10.43,"endexp","New York","N11","SARA","19x13_NY9","Female","Warm",14.48,74,"New York - Warm"
"229","8/10/18","10/22/18",73,10.43,"endexp","New York","N11","SARA","19x13_NY10","Male","Cold",17.06,73,"New York - Cold"
"230","8/10/18","10/22/18",73,10.43,"endexp","New York","N11","SARA","19x13_NY12","Male","Warm",19.11,76.5,"New York - Warm"
"231","11/13/18","1/26/19",74,10.57,"endexp","New York","N11","SARA","19x13_NY11","Female","Cold",14.6,69,"New York - Cold"
"232","11/13/18","1/26/19",74,10.57,"endexp","New York","N11","SARA","19x13_NY13","Female","Cold",13.62,66,"New York - Cold"
"233","11/13/18","1/26/19",74,10.57,"endexp","New York","N11","SARA","19x13_NY14","Male","Cold",15.52,69.5,"New York - Cold"
"234","11/13/18","1/26/19",74,10.57,"endexp","New York","N11","SARA","19x13_NY15","Female","Warm",11.32,67.5,"New York - Warm"
"235","12/30/18","3/17/19",77,11,"endexp","New York","N11","SARA","19x13_NY16","Male","Cold",16.2,68,"New York - Cold"
"236","12/30/18","3/17/19",77,11,"endexp","New York","N11","SARA","19x13_NY17","Female","Cold",12.78,66.5,"New York - Cold"
"237","12/30/18","3/17/19",77,11,"endexp","New York","N11","SARA","19x13_NY18","Male","Warm",16,69,"New York - Warm"
"238","4/6/19","6/20/19",75,10.71,"endexp","New York","N12","SARA","19x13_NY23","Female","Cold",16.69,74.5,"New York - Cold"
"239","4/6/19","6/18/19",73,10.43,"endexp","New York","N12","SARA","19x13_NY24","Male","Warm",17.95,73,"New York - Warm"
"240","4/6/19","6/20/19",75,10.71,"endexp","New York","N12","SARA","19x13_NY25","Female","Warm",14.08,70.5,"New York - Warm"
"241","4/6/19","6/18/19",73,10.43,"endexp","New York","N12","SARA","19x13_NY26","Male","Cold",17.3,73,"New York - Cold"
"242","4/28/19","7/19/19",82,11.71,"endexp","New York","N12","SARA","19x13_NY32","Male","Cold",17.44,73,"New York - Cold"
"243","4/28/19","7/19/19",82,11.71,"endexp","New York","N12","SARA","19x13_NY33","Female","Warm",17.23,72,"New York - Warm"
"244","4/28/19","7/19/19",82,11.71,"endexp","New York","N12","SARA","19x13_NY34","Male","Warm",16.31,72,"New York - Warm"
"245","6/29/18","7/31/18",32,4.57,"na","New York","N11","SARA","19x13_NY1","Female","Warm",13.71,66.5,"New York - Warm"
"246","6/29/18","7/31/18",32,4.57,"na","New York","N11","SARA","19x13_NY2","Male","Warm",13.11,70,"New York - Warm"
"247","6/29/18","7/31/18",32,4.57,"na","New York","N11","SARA","19x13_NY3","Female","Warm",13.06,65.5,"New York - Warm"
"248","6/29/18","7/31/18",32,4.57,"na","New York","N11","SARA","19x13_NY4","Male","Cold",12.35,61.5,"New York - Cold"
"249","6/29/18","7/31/18",32,4.57,"na","New York","N11","SARA","19x13_NY5","Female","Cold",12.34,64,"New York - Cold"
"250","6/29/18","8/7/18",39,5.57,"na","New York","N11","SARA","19x13_NY1","Female","Warm",14.69,70,"New York - Warm"
"251","6/29/18","8/7/18",39,5.57,"na","New York","N11","SARA","19x13_NY2","Male","Warm",15.18,73,"New York - Warm"
"252","6/29/18","8/7/18",39,5.57,"na","New York","N11","SARA","19x13_NY3","Female","Warm",14.52,70,"New York - Warm"
"253","6/29/18","8/7/18",39,5.57,"na","New York","N11","SARA","19x13_NY4","Male","Cold",14.72,64.5,"New York - Cold"
"254","6/29/18","8/7/18",39,5.57,"na","New York","N11","SARA","19x13_NY5","Female","Cold",13.06,66,"New York - Cold"
"255","6/29/18","8/14/18",46,6.57,"na","New York","N11","SARA","19x13_NY1","Female","Warm",13.65,71,"New York - Warm"
"256","6/29/18","8/14/18",46,6.57,"na","New York","N11","SARA","19x13_NY2","Male","Warm",15.32,74,"New York - Warm"
"257","6/29/18","8/14/18",46,6.57,"na","New York","N11","SARA","19x13_NY3","Female","Warm",14.83,70,"New York - Warm"
"258","6/29/18","8/14/18",46,6.57,"na","New York","N11","SARA","19x13_NY4","Male","Cold",15.16,67,"New York - Cold"
"259","6/29/18","8/14/18",46,6.57,"na","New York","N11","SARA","19x13_NY5","Female","Cold",13.47,66,"New York - Cold"
"260","6/29/18","8/21/18",53,7.57,"na","New York","N11","SARA","19x13_NY1","Female","Warm",14.18,71.5,"New York - Warm"
"261","6/29/18","8/21/18",53,7.57,"na","New York","N11","SARA","19x13_NY2","Male","Warm",15.52,75,"New York - Warm"
"262","6/29/18","8/21/18",53,7.57,"na","New York","N11","SARA","19x13_NY3","Female","Warm",15.27,71,"New York - Warm"
"263","6/29/18","8/21/18",53,7.57,"na","New York","N11","SARA","19x13_NY4","Male","Cold",15.51,68,"New York - Cold"
"264","6/29/18","8/21/18",53,7.57,"na","New York","N11","SARA","19x13_NY5","Female","Cold",14.08,67.5,"New York - Cold"
"265","6/29/18","8/28/18",60,8.57,"na","New York","N11","SARA","19x13_NY1","Female","Warm",14.2,71.5,"New York - Warm"
"266","6/29/18","8/28/18",60,8.57,"na","New York","N11","SARA","19x13_NY2","Male","Warm",15.26,75.5,"New York - Warm"
"267","6/29/18","8/28/18",60,8.57,"na","New York","N11","SARA","19x13_NY3","Female","Warm",14.24,71,"New York - Warm"
"268","6/29/18","8/28/18",60,8.57,"na","New York","N11","SARA","19x13_NY4","Male","Cold",15.28,69.5,"New York - Cold"
"269","6/29/18","8/28/18",60,8.57,"na","New York","N11","SARA","19x13_NY5","Female","Cold",13.31,69.5,"New York - Cold"
"270","6/29/18","9/4/18",67,9.57,"na","New York","N11","SARA","19x13_NY1","Female","Warm",14.5,72,"New York - Warm"
"271","6/29/18","9/4/18",67,9.57,"na","New York","N11","SARA","19x13_NY2","Male","Warm",15.6,75.5,"New York - Warm"
"272","6/29/18","9/4/18",67,9.57,"na","New York","N11","SARA","19x13_NY3","Female","Warm",14.9,71,"New York - Warm"
"273","6/29/18","9/4/18",67,9.57,"na","New York","N11","SARA","19x13_NY4","Male","Cold",16.31,70.5,"New York - Cold"
"274","6/29/18","9/4/18",67,9.57,"na","New York","N11","SARA","19x13_NY5","Female","Cold",13.65,69.5,"New York - Cold"
"275","7/20/18","8/21/18",32,4.57,"na","New York","N11","SARA","19x13_NY7","Female","Cold",12.06,57,"New York - Cold"
"276","7/20/18","8/21/18",32,4.57,"na","New York","N11","SARA","19x13_NY6","Male","Cold",12.95,57.5,"New York - Cold"
"277","7/20/18","8/21/18",32,4.57,"na","New York","N11","SARA","19x13_NY8","Male","Warm",11.15,57.5,"New York - Warm"
"278","7/20/18","8/28/18",39,5.57,"na","New York","N11","SARA","19x13_NY7","Female","Cold",13.57,61.5,"New York - Cold"
"279","7/20/18","8/28/18",39,5.57,"na","New York","N11","SARA","19x13_NY6","Male","Cold",14.97,62.5,"New York - Cold"
"280","7/20/18","8/28/18",39,5.57,"na","New York","N11","SARA","19x13_NY8","Male","Warm",11.47,63.5,"New York - Warm"
"281","7/20/18","9/4/18",46,6.57,"na","New York","N11","SARA","19x13_NY7","Female","Cold",15.5,61.5,"New York - Cold"
"282","7/20/18","9/4/18",46,6.57,"na","New York","N11","SARA","19x13_NY6","Male","Cold",16.7,65.5,"New York - Cold"
"283","7/20/18","9/4/18",46,6.57,"na","New York","N11","SARA","19x13_NY8","Male","Warm",12.24,65.5,"New York - Warm"
"284","7/20/18","9/11/18",53,7.57,"na","New York","N11","SARA","19x13_NY7","Female","Cold",16.43,69.5,"New York - Cold"
"285","7/20/18","9/11/18",53,7.57,"na","New York","N11","SARA","19x13_NY6","Male","Cold",16.84,69,"New York - Cold"
"286","7/20/18","9/11/18",53,7.57,"na","New York","N11","SARA","19x13_NY8","Male","Warm",12.14,67,"New York - Warm"
"287","7/20/18","9/18/18",60,8.57,"na","New York","N11","SARA","19x13_NY7","Female","Cold",16.47,71,"New York - Cold"
"288","7/20/18","9/18/18",60,8.57,"na","New York","N11","SARA","19x13_NY6","Male","Cold",17.86,71.5,"New York - Cold"
"289","7/20/18","9/18/18",60,8.57,"na","New York","N11","SARA","19x13_NY8","Male","Warm",13.06,69,"New York - Warm"
"290","7/20/18","9/25/18",67,9.57,"na","New York","N11","SARA","19x13_NY7","Female","Cold",16.7,73,"New York - Cold"
"291","7/20/18","9/25/18",67,9.57,"na","New York","N11","SARA","19x13_NY6","Male","Cold",18.02,71.5,"New York - Cold"
"292","7/20/18","9/25/18",67,9.57,"na","New York","N11","SARA","19x13_NY8","Male","Warm",12.85,70.5,"New York - Warm"
"293","8/10/18","9/11/18",32,4.57,"na","New York","N11","SARA","19x13_NY9","Female","Warm",12.33,62.5,"New York - Warm"
"294","8/10/18","9/11/18",32,4.57,"na","New York","N11","SARA","19x13_NY10","Male","Cold",12.9,64,"New York - Cold"
"295","8/10/18","9/11/18",32,4.57,"na","New York","N11","SARA","19x13_NY12","Male","Warm",13.46,66,"New York - Warm"
"296","8/10/18","9/18/18",39,5.57,"na","New York","N11","SARA","19x13_NY9","Female","Warm",13.76,66.5,"New York - Warm"
"297","8/10/18","9/18/18",39,5.57,"na","New York","N11","SARA","19x13_NY10","Male","Cold",15.53,67,"New York - Cold"
"298","8/10/18","9/18/18",39,5.57,"na","New York","N11","SARA","19x13_NY12","Male","Warm",16.53,69,"New York - Warm"
"299","8/10/18","9/25/18",46,6.57,"na","New York","N11","SARA","19x13_NY9","Female","Warm",14.55,69,"New York - Warm"
"300","8/10/18","9/25/18",46,6.57,"na","New York","N11","SARA","19x13_NY10","Male","Cold",16.07,70,"New York - Cold"
"301","8/10/18","9/25/18",46,6.57,"na","New York","N11","SARA","19x13_NY12","Male","Warm",17.27,73,"New York - Warm"
"302","8/10/18","10/2/18",53,7.57,"na","New York","N11","SARA","19x13_NY9","Female","Warm",15.11,71,"New York - Warm"
"303","8/10/18","10/2/18",53,7.57,"na","New York","N11","SARA","19x13_NY10","Male","Cold",16.07,71.5,"New York - Cold"
"304","8/10/18","10/2/18",53,7.57,"na","New York","N11","SARA","19x13_NY12","Male","Warm",18.76,74.5,"New York - Warm"
"305","8/10/18","10/9/18",60,8.57,"na","New York","N11","SARA","19x13_NY9","Female","Warm",15.13,73.5,"New York - Warm"
"306","8/10/18","10/9/18",60,8.57,"na","New York","N11","SARA","19x13_NY10","Male","Cold",16.36,72.5,"New York - Cold"
"307","8/10/18","10/9/18",60,8.57,"na","New York","N11","SARA","19x13_NY12","Male","Warm",18.67,75.5,"New York - Warm"
"308","8/10/18","10/16/18",67,9.57,"na","New York","N11","SARA","19x13_NY9","Female","Warm",14.97,74,"New York - Warm"
"309","8/10/18","10/16/18",67,9.57,"na","New York","N11","SARA","19x13_NY10","Male","Cold",16.33,73,"New York - Cold"
"310","8/10/18","10/16/18",67,9.57,"na","New York","N11","SARA","19x13_NY12","Male","Warm",19.39,76.5,"New York - Warm"
"311","11/13/18","12/16/18",33,4.71,"na","New York","N11","SARA","19x13_NY11","Female","Cold",12.04,56.5,"New York - Cold"
"312","11/13/18","12/29/18",46,6.57,"na","New York","N11","SARA","19x13_NY11","Female","Cold",14.49,63.5,"New York - Cold"
"313","11/13/18","1/12/19",60,8.57,"na","New York","N11","SARA","19x13_NY11","Female","Cold",14.92,67.5,"New York - Cold"
"314","11/13/18","1/21/19",69,9.86,"na","New York","N11","SARA","19x13_NY11","Female","Cold",15.39,69,"New York - Cold"
"315","11/13/18","12/16/18",33,4.71,"na","New York","N11","SARA","19x13_NY13","Female","Cold",11.26,55,"New York - Cold"
"316","11/13/18","12/29/18",46,6.57,"na","New York","N11","SARA","19x13_NY13","Female","Cold",13.34,62.5,"New York - Cold"
"317","11/13/18","1/12/19",60,8.57,"na","New York","N11","SARA","19x13_NY13","Female","Cold",13.57,64.5,"New York - Cold"
"318","11/13/18","1/21/19",69,9.86,"na","New York","N11","SARA","19x13_NY13","Female","Cold",14.36,66,"New York - Cold"
"319","11/13/18","12/16/18",33,4.71,"na","New York","N11","SARA","19x13_NY14","Male","Cold",12.35,56,"New York - Cold"
"320","11/13/18","12/29/18",46,6.57,"na","New York","N11","SARA","19x13_NY14","Male","Cold",15.13,65,"New York - Cold"
"321","11/13/18","1/12/19",60,8.57,"na","New York","N11","SARA","19x13_NY14","Male","Cold",15.58,68.5,"New York - Cold"
"322","11/13/18","1/21/19",69,9.86,"na","New York","N11","SARA","19x13_NY14","Male","Cold",15.75,69.5,"New York - Cold"
"323","11/13/18","12/16/18",33,4.71,"na","New York","N11","SARA","19x13_NY15","Female","Warm",9.87,57,"New York - Warm"
"324","11/13/18","12/29/18",46,6.57,"na","New York","N11","SARA","19x13_NY15","Female","Warm",10.81,65,"New York - Warm"
"325","11/13/18","1/12/19",60,8.57,"na","New York","N11","SARA","19x13_NY15","Female","Warm",12.52,66.5,"New York - Warm"
"326","11/13/18","1/21/19",69,9.86,"na","New York","N11","SARA","19x13_NY15","Female","Warm",12.55,67.5,"New York - Warm"
"327","12/30/18","1/31/19",32,4.57,"na","New York","N11","SARA","19x13_NY16","Male","Cold",12.85,58.5,"New York - Cold"
"328","12/30/18","2/8/19",40,5.71,"na","New York","N11","SARA","19x13_NY16","Male","Cold",15.08,63,"New York - Cold"
"329","12/30/18","2/16/19",48,6.86,"na","New York","N11","SARA","19x13_NY16","Male","Cold",15.25,60,"New York - Cold"
"330","12/30/18","2/28/19",60,8.57,"na","New York","N11","SARA","19x13_NY16","Male","Cold",15.85,67.5,"New York - Cold"
"331","12/30/18","3/8/19",68,9.71,"na","New York","N11","SARA","19x13_NY16","Male","Cold",16.61,68,"New York - Cold"
"332","12/30/18","1/31/19",32,4.57,"na","New York","N11","SARA","19x13_NY17","Female","Cold",10.04,55,"New York - Cold"
"333","12/30/18","2/8/19",40,5.71,"na","New York","N11","SARA","19x13_NY17","Female","Cold",11.25,58,"New York - Cold"
"334","12/30/18","2/16/19",48,6.86,"na","New York","N11","SARA","19x13_NY17","Female","Cold",12.35,59,"New York - Cold"
"335","12/30/18","2/28/19",60,8.57,"na","New York","N11","SARA","19x13_NY17","Female","Cold",12.46,64,"New York - Cold"
"336","12/30/18","3/8/19",68,9.71,"na","New York","N11","SARA","19x13_NY17","Female","Cold",13.03,65,"New York - Cold"
"337","12/30/18","1/31/19",32,4.57,"na","New York","N11","SARA","19x13_NY18","Male","Warm",11.16,58,"New York - Warm"
"338","12/30/18","2/8/19",40,5.71,"na","New York","N11","SARA","19x13_NY18","Male","Warm",13.46,62.5,"New York - Warm"
"339","12/30/18","2/16/19",48,6.86,"na","New York","N11","SARA","19x13_NY18","Male","Warm",15.14,65.5,"New York - Warm"
"340","12/30/18","2/28/19",60,8.57,"na","New York","N11","SARA","19x13_NY18","Male","Warm",16.37,69,"New York - Warm"
"341","12/30/18","3/8/19",68,9.71,"na","New York","N11","SARA","19x13_NY18","Male","Warm",16.98,69,"New York - Warm"
"342","4/6/19","5/10/19",34,4.86,"na","New York","N12","SARA","19x13_NY23","Female","Cold",14.61,69,"New York - Cold"
"343","4/6/19","5/16/19",40,5.71,"na","New York","N12","SARA","19x13_NY23","Female","Cold",16,71,"New York - Cold"
"344","4/6/19","5/22/19",46,6.57,"na","New York","N12","SARA","19x13_NY23","Female","Cold",15.98,72,"New York - Cold"
"345","4/6/19","5/30/19",54,7.71,"na","New York","N12","SARA","19x13_NY23","Female","Cold",15.71,73.5,"New York - Cold"
"346","4/6/19","5/10/19",34,4.86,"na","New York","N12","SARA","19x13_NY24","Male","Warm",15.6,70.5,"New York - Warm"
"347","4/6/19","5/16/19",40,5.71,"na","New York","N12","SARA","19x13_NY24","Male","Warm",17.12,71.5,"New York - Warm"
"348","4/6/19","5/22/19",46,6.57,"na","New York","N12","SARA","19x13_NY24","Male","Warm",15.81,70.5,"New York - Warm"
"349","4/6/19","5/30/19",54,7.71,"na","New York","N12","SARA","19x13_NY24","Male","Warm",16.44,73,"New York - Warm"
"350","4/6/19","5/10/19",34,4.86,"na","New York","N12","SARA","19x13_NY25","Female","Warm",12.28,66.5,"New York - Warm"
"351","4/6/19","5/16/19",40,5.71,"na","New York","N12","SARA","19x13_NY25","Female","Warm",13.09,67.5,"New York - Warm"
"352","4/6/19","5/22/19",46,6.57,"na","New York","N12","SARA","19x13_NY25","Female","Warm",12.86,68.5,"New York - Warm"
"353","4/6/19","5/30/19",54,7.71,"na","New York","N12","SARA","19x13_NY25","Female","Warm",13.12,68.5,"New York - Warm"
"354","4/6/19","5/10/19",34,4.86,"na","New York","N12","SARA","19x13_NY26","Male","Cold",12.99,68,"New York - Cold"
"355","4/6/19","5/16/19",40,5.71,"na","New York","N12","SARA","19x13_NY26","Male","Cold",13.82,69,"New York - Cold"
"356","4/6/19","5/22/19",46,6.57,"na","New York","N12","SARA","19x13_NY26","Male","Cold",14.65,70.5,"New York - Cold"
"357","4/6/19","5/30/19",54,7.71,"na","New York","N12","SARA","19x13_NY26","Male","Cold",14.98,72,"New York - Cold"
"358","4/28/19","5/30/19",32,4.57,"na","New York","N12","SARA","19x13_NY32","Male","Cold",13.56,67,"New York - Cold"
"359","4/28/19","6/12/19",45,6.43,"na","New York","N12","SARA","19x13_NY32","Male","Cold",17.52,NA,"New York - Cold"
"360","4/28/19","5/30/19",32,4.57,"na","New York","N12","SARA","19x13_NY33","Female","Warm",12.61,65,"New York - Warm"
"361","4/28/19","6/12/19",45,6.43,"na","New York","N12","SARA","19x13_NY33","Female","Warm",14.24,NA,"New York - Warm"
"362","4/28/19","5/30/19",32,4.57,"na","New York","N12","SARA","19x13_NY34","Male","Warm",11.1,64,"New York - Warm"
"363","4/28/19","6/12/19",45,6.43,"na","New York","N12","SARA","19x13_NY34","Male","Warm",12.63,NA,"New York - Warm"
"364","6/29/18","7/24/18",25,3.57,"startexp","New York","N11","SARA","19x13_NY1","Female","Warm",11.66,60,"New York - Warm"
"365","6/29/18","7/24/18",25,3.57,"startexp","New York","N11","SARA","19x13_NY2","Male","Warm",10.38,61.5,"New York - Warm"
"366","6/29/18","7/24/18",25,3.57,"startexp","New York","N11","SARA","19x13_NY3","Female","Warm",11.05,60.5,"New York - Warm"
"367","6/29/18","7/24/18",25,3.57,"startexp","New York","N11","SARA","19x13_NY4","Male","Cold",10.58,57,"New York - Cold"
"368","6/29/18","7/24/18",25,3.57,"startexp","New York","N11","SARA","19x13_NY5","Female","Cold",11.29,58,"New York - Cold"
"369","7/20/18","8/14/18",25,3.57,"startexp","New York","N11","SARA","19x13_NY7","Female","Cold",9.52,53,"New York - Cold"
"370","7/20/18","8/14/18",25,3.57,"startexp","New York","N11","SARA","19x13_NY6","Male","Cold",10.7,55,"New York - Cold"
"371","7/20/18","8/14/18",25,3.57,"startexp","New York","N11","SARA","19x13_NY8","Male","Warm",8.89,53,"New York - Warm"
"372","8/10/18","9/4/18",25,3.57,"startexp","New York","N11","SARA","19x13_NY9","Female","Warm",9.87,60.5,"New York - Warm"
"373","8/10/18","9/4/18",25,3.57,"startexp","New York","N11","SARA","19x13_NY10","Male","Cold",9.77,59,"New York - Cold"
"374","8/10/18","9/4/18",25,3.57,"startexp","New York","N11","SARA","19x13_NY12","Male","Warm",10.76,58,"New York - Warm"
"375","11/13/18","12/8/18",25,3.57,"startexp","New York","N11","SARA","19x13_NY13","Female","Cold",8.77,49,"New York - Cold"
"376","11/13/18","12/8/18",25,3.57,"startexp","New York","N11","SARA","19x13_NY14","Male","Cold",9.38,51.5,"New York - Cold"
"377","11/13/18","12/8/18",25,3.57,"startexp","New York","N11","SARA","19x13_NY15","Female","Warm",7.9,49.5,"New York - Warm"
"378","12/30/18","1/25/19",26,3.71,"startexp","New York","N11","SARA","19x13_NY16","Male","Cold",9.91,53.5,"New York - Cold"
"379","12/30/18","1/25/19",26,3.71,"startexp","New York","N11","SARA","19x13_NY17","Female","Cold",8.61,53.5,"New York - Cold"
"380","12/30/18","1/25/19",26,3.71,"startexp","New York","N11","SARA","19x13_NY18","Male","Warm",9.32,53.5,"New York - Warm"
"381","4/6/19","5/1/19",25,3.57,"startexp","New York","N12","SARA","19x13_NY23","Female","Cold",10.29,63.5,"New York - Cold"
"382","4/6/19","5/1/19",25,3.57,"startexp","New York","N12","SARA","19x13_NY24","Male","Warm",10.69,57.5,"New York - Warm"
"383","4/6/19","5/1/19",25,3.57,"startexp","New York","N12","SARA","19x13_NY25","Female","Warm",8.93,59,"New York - Warm"
"384","4/6/19","5/1/19",25,3.57,"startexp","New York","N12","SARA","19x13_NY26","Male","Cold",10.61,65,"New York - Cold"
"385","4/28/19","5/23/19",25,3.57,"startexp","New York","N12","SARA","19x13_NY32","Male","Cold",9.63,60.5,"New York - Cold"
"386","4/28/19","5/23/19",25,3.57,"startexp","New York","N12","SARA","19x13_NY33","Female","Warm",10.62,61,"New York - Warm"
"387","4/28/19","5/23/19",25,3.57,"startexp","New York","N12","SARA","19x13_NY34","Male","Warm",9.22,58,"New York - Warm"
"388","6/29/18","7/19/18",20,2.86,"weaning","New York","N11","SARA","19x13_NY1","Female","Warm",8.7,55.5,"New York - Warm"
"389","6/29/18","7/19/18",20,2.86,"weaning","New York","N11","SARA","19x13_NY2","Male","Warm",8.18,55,"New York - Warm"
"390","6/29/18","7/19/18",20,2.86,"weaning","New York","N11","SARA","19x13_NY3","Female","Warm",8.89,56,"New York - Warm"
"391","6/29/18","7/19/18",20,2.86,"weaning","New York","N11","SARA","19x13_NY4","Male","Cold",8.46,53,"New York - Cold"
"392","6/29/18","7/19/18",20,2.86,"weaning","New York","N11","SARA","19x13_NY5","Female","Cold",8.5,55.5,"New York - Cold"
"393","7/20/18","8/9/18",20,2.86,"weaning","New York","N11","SARA","19x13_NY7","Female","Cold",6.55,48,"New York - Cold"
"394","7/20/18","8/9/18",20,2.86,"weaning","New York","N11","SARA","19x13_NY6","Male","Cold",6.89,47.5,"New York - Cold"
"395","7/20/18","8/9/18",20,2.86,"weaning","New York","N11","SARA","19x13_NY8","Male","Warm",5.99,47,"New York - Warm"
"396","8/10/18","9/1/18",22,3.14,"weaning","New York","N11","SARA","19x13_NY9","Female","Warm",9.21,57,"New York - Warm"
"397","8/10/18","9/1/18",22,3.14,"weaning","New York","N11","SARA","19x13_NY10","Male","Cold",8.48,56.5,"New York - Cold"
"398","8/10/18","9/1/18",22,3.14,"weaning","New York","N11","SARA","19x13_NY12","Male","Warm",9.52,57,"New York - Warm"
"399","11/13/18","12/5/18",22,3.14,"weaning","New York","N11","SARA","19x13_NY13","Female","Cold",6.93,48,"New York - Cold"
"400","11/13/18","12/5/18",22,3.14,"weaning","New York","N11","SARA","19x13_NY14","Male","Cold",7.04,48,"New York - Cold"
"401","11/13/18","12/5/18",22,3.14,"weaning","New York","N11","SARA","19x13_NY15","Female","Warm",6.77,46.5,"New York - Warm"
"402","6/9/18","8/25/18",77,11,"endexp","Brazil","N12","MANB","222x254_BZ1","Female","Cold",13.49,70,"Brazil - Cold"
"403","6/9/18","8/25/18",77,11,"endexp","Brazil","N12","MANB","222x254_BZ2","Male","Cold",15.81,76,"Brazil - Cold"
"404","6/9/18","8/25/18",77,11,"endexp","Brazil","N12","MANB","222x254_BZ3","Female","Warm",13.48,78,"Brazil - Warm"
"405","7/20/18","10/9/18",81,11.57,"endexp","Brazil","N12","MANB","222x254_BZ4","Male","Warm",14.9,79.5,"Brazil - Warm"
"406","7/20/18","10/9/18",81,11.57,"endexp","Brazil","N12","MANB","222x254_BZ5","Female","Warm",13.34,82,"Brazil - Warm"
"407","7/20/18","10/9/18",81,11.57,"endexp","Brazil","N12","MANB","222x254_BZ7","Female","Cold",12.36,74,"Brazil - Cold"
"408","7/20/18","10/9/18",81,11.57,"endexp","Brazil","N12","MANB","222x254_BZ9","Female","Cold",13.96,78,"Brazil - Cold"
"409","8/12/18","10/27/18",76,10.86,"endexp","Brazil","N12","MANB","222x254_BZ6","Male","Warm",15.71,81.5,"Brazil - Warm"
"410","8/12/18","10/27/18",76,10.86,"endexp","Brazil","N12","MANB","222x254_BZ8","Male","Warm",14.01,77.5,"Brazil - Warm"
"411","8/12/18","10/27/18",76,10.86,"endexp","Brazil","N12","MANB","222x254_BZ10","Male","Cold",14.85,78.5,"Brazil - Cold"
"412","8/12/18","10/27/18",76,10.86,"endexp","Brazil","N12","MANB","222x254_BZ11","Female","Warm",11.96,75,"Brazil - Warm"
"413","8/12/18","10/27/18",76,10.86,"endexp","Brazil","N12","MANB","222x254_BZ13","Female","Cold",13.04,73,"Brazil - Cold"
"414","8/12/18","10/27/18",76,10.86,"endexp","Brazil","N12","MANB","222x254_BZ15","Female","Cold",12.76,74,"Brazil - Cold"
"415","6/9/18","7/11/18",32,4.57,"na","Brazil","N12","MANB","222x254_BZ1","Female","Cold",9.96,65,"Brazil - Cold"
"416","6/9/18","7/11/18",32,4.57,"na","Brazil","N12","MANB","222x254_BZ2","Male","Cold",11.35,66,"Brazil - Cold"
"417","6/9/18","7/11/18",32,4.57,"na","Brazil","N12","MANB","222x254_BZ3","Female","Warm",9.8,65.5,"Brazil - Warm"
"418","6/9/18","7/18/18",39,5.57,"na","Brazil","N12","MANB","222x254_BZ1","Female","Cold",11.23,65,"Brazil - Cold"
"419","6/9/18","7/18/18",39,5.57,"na","Brazil","N12","MANB","222x254_BZ2","Male","Cold",13.48,68.5,"Brazil - Cold"
"420","6/9/18","7/18/18",39,5.57,"na","Brazil","N12","MANB","222x254_BZ3","Female","Warm",12.27,71.5,"Brazil - Warm"
"421","6/9/18","7/25/18",46,6.57,"na","Brazil","N12","MANB","222x254_BZ1","Female","Cold",12.66,66.5,"Brazil - Cold"
"422","6/9/18","7/25/18",46,6.57,"na","Brazil","N12","MANB","222x254_BZ2","Male","Cold",13.88,71,"Brazil - Cold"
"423","6/9/18","7/25/18",46,6.57,"na","Brazil","N12","MANB","222x254_BZ3","Female","Warm",12.88,74.5,"Brazil - Warm"
"424","6/9/18","8/1/18",53,7.57,"na","Brazil","N12","MANB","222x254_BZ1","Female","Cold",12.66,69.5,"Brazil - Cold"
"425","6/9/18","8/1/18",53,7.57,"na","Brazil","N12","MANB","222x254_BZ2","Male","Cold",14.4,73,"Brazil - Cold"
"426","6/9/18","8/1/18",53,7.57,"na","Brazil","N12","MANB","222x254_BZ3","Female","Warm",13.26,77.5,"Brazil - Warm"
"427","6/9/18","8/8/18",60,8.57,"na","Brazil","N12","MANB","222x254_BZ1","Female","Cold",13.34,69.5,"Brazil - Cold"
"428","6/9/18","8/8/18",60,8.57,"na","Brazil","N12","MANB","222x254_BZ2","Male","Cold",15.14,73,"Brazil - Cold"
"429","6/9/18","8/8/18",60,8.57,"na","Brazil","N12","MANB","222x254_BZ3","Female","Warm",13.16,77.5,"Brazil - Warm"
"430","6/9/18","8/15/18",67,9.57,"na","Brazil","N12","MANB","222x254_BZ1","Female","Cold",13.12,69.5,"Brazil - Cold"
"431","6/9/18","8/15/18",67,9.57,"na","Brazil","N12","MANB","222x254_BZ2","Male","Cold",15.55,73,"Brazil - Cold"
"432","6/9/18","8/15/18",67,9.57,"na","Brazil","N12","MANB","222x254_BZ3","Female","Warm",13.21,77.5,"Brazil - Warm"
"433","6/9/18","8/22/18",74,10.57,"na","Brazil","N12","MANB","222x254_BZ1","Female","Cold",13.12,70,"Brazil - Cold"
"434","6/9/18","8/22/18",74,10.57,"na","Brazil","N12","MANB","222x254_BZ2","Male","Cold",15.85,75,"Brazil - Cold"
"435","6/9/18","8/22/18",74,10.57,"na","Brazil","N12","MANB","222x254_BZ3","Female","Warm",13.23,78,"Brazil - Warm"
"436","7/20/18","8/21/18",32,4.57,"na","Brazil","N12","MANB","222x254_BZ4","Male","Warm",11.87,70.5,"Brazil - Warm"
"437","7/20/18","8/21/18",32,4.57,"na","Brazil","N12","MANB","222x254_BZ5","Female","Warm",9.76,71,"Brazil - Warm"
"438","7/20/18","8/21/18",32,4.57,"na","Brazil","N12","MANB","222x254_BZ7","Female","Cold",8.76,66.5,"Brazil - Cold"
"439","7/20/18","8/21/18",32,4.57,"na","Brazil","N12","MANB","222x254_BZ9","Female","Cold",9.85,68.5,"Brazil - Cold"
"440","7/20/18","8/28/18",39,5.57,"na","Brazil","N12","MANB","222x254_BZ4","Male","Warm",13.05,75,"Brazil - Warm"
"441","7/20/18","8/28/18",39,5.57,"na","Brazil","N12","MANB","222x254_BZ5","Female","Warm",11.33,75.5,"Brazil - Warm"
"442","7/20/18","8/28/18",39,5.57,"na","Brazil","N12","MANB","222x254_BZ7","Female","Cold",10.17,66.5,"Brazil - Cold"
"443","7/20/18","8/28/18",39,5.57,"na","Brazil","N12","MANB","222x254_BZ9","Female","Cold",11.6,72,"Brazil - Cold"
"444","7/20/18","9/4/18",46,6.57,"na","Brazil","N12","MANB","222x254_BZ4","Male","Warm",13.83,77.5,"Brazil - Warm"
"445","7/20/18","9/4/18",46,6.57,"na","Brazil","N12","MANB","222x254_BZ5","Female","Warm",12.36,78,"Brazil - Warm"
"446","7/20/18","9/4/18",46,6.57,"na","Brazil","N12","MANB","222x254_BZ7","Female","Cold",11.7,69.5,"Brazil - Cold"
"447","7/20/18","9/4/18",46,6.57,"na","Brazil","N12","MANB","222x254_BZ9","Female","Cold",12.51,73.5,"Brazil - Cold"
"448","7/20/18","9/11/18",53,7.57,"na","Brazil","N12","MANB","222x254_BZ4","Male","Warm",14.01,77.5,"Brazil - Warm"
"449","7/20/18","9/11/18",53,7.57,"na","Brazil","N12","MANB","222x254_BZ5","Female","Warm",12.37,79.5,"Brazil - Warm"
"450","7/20/18","9/11/18",53,7.57,"na","Brazil","N12","MANB","222x254_BZ7","Female","Cold",12.39,70,"Brazil - Cold"
"451","7/20/18","9/11/18",53,7.57,"na","Brazil","N12","MANB","222x254_BZ9","Female","Cold",12.69,76,"Brazil - Cold"
"452","7/20/18","9/18/18",60,8.57,"na","Brazil","N12","MANB","222x254_BZ4","Male","Warm",14.23,78.5,"Brazil - Warm"
"453","7/20/18","9/18/18",60,8.57,"na","Brazil","N12","MANB","222x254_BZ5","Female","Warm",12.66,81.5,"Brazil - Warm"
"454","7/20/18","9/18/18",60,8.57,"na","Brazil","N12","MANB","222x254_BZ7","Female","Cold",12.93,70,"Brazil - Cold"
"455","7/20/18","9/18/18",60,8.57,"na","Brazil","N12","MANB","222x254_BZ9","Female","Cold",13.25,77,"Brazil - Cold"
"456","7/20/18","9/25/18",67,9.57,"na","Brazil","N12","MANB","222x254_BZ4","Male","Warm",14.27,79,"Brazil - Warm"
"457","7/20/18","9/25/18",67,9.57,"na","Brazil","N12","MANB","222x254_BZ5","Female","Warm",12.6,81.5,"Brazil - Warm"
"458","7/20/18","9/25/18",67,9.57,"na","Brazil","N12","MANB","222x254_BZ7","Female","Cold",12.4,72.5,"Brazil - Cold"
"459","7/20/18","9/25/18",67,9.57,"na","Brazil","N12","MANB","222x254_BZ9","Female","Cold",13.19,78,"Brazil - Cold"
"460","7/20/18","10/4/18",76,10.86,"na","Brazil","N12","MANB","222x254_BZ4","Male","Warm",14.87,79.5,"Brazil - Warm"
"461","7/20/18","10/4/18",76,10.86,"na","Brazil","N12","MANB","222x254_BZ5","Female","Warm",12.76,82,"Brazil - Warm"
"462","7/20/18","10/4/18",76,10.86,"na","Brazil","N12","MANB","222x254_BZ7","Female","Cold",12.03,74,"Brazil - Cold"
"463","7/20/18","10/4/18",76,10.86,"na","Brazil","N12","MANB","222x254_BZ9","Female","Cold",13.2,78,"Brazil - Cold"
"464","8/12/18","9/13/18",32,4.57,"na","Brazil","N12","MANB","222x254_BZ6","Male","Warm",11.58,71.5,"Brazil - Warm"
"465","8/12/18","9/13/18",32,4.57,"na","Brazil","N12","MANB","222x254_BZ8","Male","Warm",11.28,69,"Brazil - Warm"
"466","8/12/18","9/13/18",32,4.57,"na","Brazil","N12","MANB","222x254_BZ10","Male","Cold",12.27,70,"Brazil - Cold"
"467","8/12/18","9/13/18",32,4.57,"na","Brazil","N12","MANB","222x254_BZ11","Female","Warm",9.22,66,"Brazil - Warm"
"468","8/12/18","9/13/18",32,4.57,"na","Brazil","N12","MANB","222x254_BZ13","Female","Cold",9.92,66,"Brazil - Cold"
"469","8/12/18","9/13/18",32,4.57,"na","Brazil","N12","MANB","222x254_BZ15","Female","Cold",10.3,65.5,"Brazil - Cold"
"470","8/12/18","9/20/18",39,5.57,"na","Brazil","N12","MANB","222x254_BZ6","Male","Warm",14.01,76.5,"Brazil - Warm"
"471","8/12/18","9/20/18",39,5.57,"na","Brazil","N12","MANB","222x254_BZ8","Male","Warm",13,73,"Brazil - Warm"
"472","8/12/18","9/22/18",41,5.86,"na","Brazil","N12","MANB","222x254_BZ10","Male","Cold",13.73,74,"Brazil - Cold"
"473","8/12/18","9/20/18",39,5.57,"na","Brazil","N12","MANB","222x254_BZ11","Female","Warm",10.65,69.5,"Brazil - Warm"
"474","8/12/18","9/22/18",41,5.86,"na","Brazil","N12","MANB","222x254_BZ13","Female","Cold",11.27,68.5,"Brazil - Cold"
"475","8/12/18","9/22/18",41,5.86,"na","Brazil","N12","MANB","222x254_BZ15","Female","Cold",12.69,68,"Brazil - Cold"
"476","8/12/18","9/27/18",46,6.57,"na","Brazil","N12","MANB","222x254_BZ6","Male","Warm",15.08,78,"Brazil - Warm"
"477","8/12/18","9/27/18",46,6.57,"na","Brazil","N12","MANB","222x254_BZ8","Male","Warm",13.3,75,"Brazil - Warm"
"478","8/12/18","9/27/18",46,6.57,"na","Brazil","N12","MANB","222x254_BZ10","Male","Cold",13.81,74,"Brazil - Cold"
"479","8/12/18","9/27/18",46,6.57,"na","Brazil","N12","MANB","222x254_BZ11","Female","Warm",11.79,69.5,"Brazil - Warm"
"480","8/12/18","9/27/18",46,6.57,"na","Brazil","N12","MANB","222x254_BZ13","Female","Cold",12.39,68.5,"Brazil - Cold"
"481","8/12/18","9/27/18",46,6.57,"na","Brazil","N12","MANB","222x254_BZ15","Female","Cold",12.7,69.5,"Brazil - Cold"
"482","8/12/18","10/4/18",53,7.57,"na","Brazil","N12","MANB","222x254_BZ6","Male","Warm",15.33,79.5,"Brazil - Warm"
"483","8/12/18","10/4/18",53,7.57,"na","Brazil","N12","MANB","222x254_BZ8","Male","Warm",13.36,76,"Brazil - Warm"
"484","8/12/18","10/4/18",53,7.57,"na","Brazil","N12","MANB","222x254_BZ10","Male","Cold",13.99,74.5,"Brazil - Cold"
"485","8/12/18","10/4/18",53,7.57,"na","Brazil","N12","MANB","222x254_BZ11","Female","Warm",12.33,73.5,"Brazil - Warm"
"486","8/12/18","10/4/18",53,7.57,"na","Brazil","N12","MANB","222x254_BZ13","Female","Cold",12.26,70.5,"Brazil - Cold"
"487","8/12/18","10/4/18",53,7.57,"na","Brazil","N12","MANB","222x254_BZ15","Female","Cold",12.58,71.5,"Brazil - Cold"
"488","8/12/18","10/12/18",61,8.71,"na","Brazil","N12","MANB","222x254_BZ6","Male","Warm",15.5,81,"Brazil - Warm"
"489","8/12/18","10/12/18",61,8.71,"na","Brazil","N12","MANB","222x254_BZ8","Male","Warm",13.98,76.5,"Brazil - Warm"
"490","8/12/18","10/12/18",61,8.71,"na","Brazil","N12","MANB","222x254_BZ10","Male","Cold",14.66,74.5,"Brazil - Cold"
"491","8/12/18","10/12/18",61,8.71,"na","Brazil","N12","MANB","222x254_BZ11","Female","Warm",12.27,74,"Brazil - Warm"
"492","8/12/18","10/12/18",61,8.71,"na","Brazil","N12","MANB","222x254_BZ13","Female","Cold",12.63,72.5,"Brazil - Cold"
"493","8/12/18","10/12/18",61,8.71,"na","Brazil","N12","MANB","222x254_BZ15","Female","Cold",13.15,71.5,"Brazil - Cold"
"494","8/12/18","10/19/18",68,9.71,"na","Brazil","N12","MANB","222x254_BZ6","Male","Warm",15.73,81,"Brazil - Warm"
"495","8/12/18","10/19/18",68,9.71,"na","Brazil","N12","MANB","222x254_BZ8","Male","Warm",14.03,77,"Brazil - Warm"
"496","8/12/18","10/19/18",68,9.71,"na","Brazil","N12","MANB","222x254_BZ10","Male","Cold",14.72,76.5,"Brazil - Cold"
"497","8/12/18","10/19/18",68,9.71,"na","Brazil","N12","MANB","222x254_BZ11","Female","Warm",12.13,75,"Brazil - Warm"
"498","8/12/18","10/19/18",68,9.71,"na","Brazil","N12","MANB","222x254_BZ13","Female","Cold",12.98,73,"Brazil - Cold"
"499","8/12/18","10/19/18",68,9.71,"na","Brazil","N12","MANB","222x254_BZ15","Female","Cold",12.86,71.5,"Brazil - Cold"
"500","6/9/18","7/5/18",26,3.71,"startexp","Brazil","N12","MANB","222x254_BZ1","Female","Cold",8.28,63,"Brazil - Cold"
"501","6/9/18","7/5/18",26,3.71,"startexp","Brazil","N12","MANB","222x254_BZ2","Male","Cold",8.72,65,"Brazil - Cold"
"502","6/9/18","7/5/18",26,3.71,"startexp","Brazil","N12","MANB","222x254_BZ3","Female","Warm",7.73,60,"Brazil - Warm"
"503","7/20/18","8/14/18",25,3.57,"startexp","Brazil","N12","MANB","222x254_BZ4","Male","Warm",9.14,66,"Brazil - Warm"
"504","7/20/18","8/14/18",25,3.57,"startexp","Brazil","N12","MANB","222x254_BZ5","Female","Warm",8.25,67,"Brazil - Warm"
"505","7/20/18","8/14/18",25,3.57,"startexp","Brazil","N12","MANB","222x254_BZ7","Female","Cold",7.3,66.5,"Brazil - Cold"
"506","7/20/18","8/14/18",25,3.57,"startexp","Brazil","N12","MANB","222x254_BZ9","Female","Cold",8.16,66.5,"Brazil - Cold"
"507","8/12/18","9/6/18",25,3.57,"startexp","Brazil","N12","MANB","222x254_BZ6","Male","Warm",9.25,66,"Brazil - Warm"
"508","8/12/18","9/6/18",25,3.57,"startexp","Brazil","N12","MANB","222x254_BZ8","Male","Warm",8.89,63.5,"Brazil - Warm"
"509","8/12/18","9/6/18",25,3.57,"startexp","Brazil","N12","MANB","222x254_BZ10","Male","Cold",9.5,66.5,"Brazil - Cold"
"510","8/12/18","9/6/18",25,3.57,"startexp","Brazil","N12","MANB","222x254_BZ11","Female","Warm",7.93,61,"Brazil - Warm"
"511","8/12/18","9/6/18",25,3.57,"startexp","Brazil","N12","MANB","222x254_BZ13","Female","Cold",8.08,63.5,"Brazil - Cold"
"512","8/12/18","9/6/18",25,3.57,"startexp","Brazil","N12","MANB","222x254_BZ15","Female","Cold",7.52,61.5,"Brazil - Cold"
"513","6/9/18","6/30/18",21,3,"weaning","Brazil","N12","MANB","222x254_BZ1","Female","Cold",6.01,56,"Brazil - Cold"
"514","6/9/18","6/30/18",21,3,"weaning","Brazil","N12","MANB","222x254_BZ2","Male","Cold",5.96,56,"Brazil - Cold"
"515","6/9/18","6/30/18",21,3,"weaning","Brazil","N12","MANB","222x254_BZ3","Female","Warm",4.82,54.5,"Brazil - Warm"
"516","8/12/18","9/2/18",21,3,"weaning","Brazil","N12","MANB","222x254_BZ6","Male","Warm",7.66,62.5,"Brazil - Warm"
"517","8/12/18","9/2/18",21,3,"weaning","Brazil","N12","MANB","222x254_BZ8","Male","Warm",7.02,59.5,"Brazil - Warm"
"518","8/12/18","9/2/18",21,3,"weaning","Brazil","N12","MANB","222x254_BZ10","Male","Cold",8.17,63,"Brazil - Cold"
"519","8/12/18","9/2/18",21,3,"weaning","Brazil","N12","MANB","222x254_BZ11","Female","Warm",6.6,57,"Brazil - Warm"
"520","8/12/18","9/2/18",21,3,"weaning","Brazil","N12","MANB","222x254_BZ13","Female","Cold",7.05,62,"Brazil - Cold"
"521","8/12/18","9/2/18",21,3,"weaning","Brazil","N12","MANB","222x254_BZ15","Female","Cold",6.5,58.5,"Brazil - Cold"
"522","6/10/18","8/26/18",77,11,"endexp","New York","N12","SARB","82x81_NY1","Female","Cold",18.1,64.5,"New York - Cold"
"523","6/10/18","8/26/18",77,11,"endexp","New York","N12","SARB","82x81_NY2","Male","Warm",21.84,72,"New York - Warm"
"524","6/10/18","8/26/18",77,11,"endexp","New York","N12","SARB","82x81_NY4","Male","Cold",18.38,65.5,"New York - Cold"
"525","6/10/18","8/26/18",77,11,"endexp","New York","N12","SARB","82x81_NY6","Male","Cold",18.38,66.5,"New York - Cold"
"526","6/10/18","8/26/18",77,11,"endexp","New York","N12","SARB","82x81_NY8","Male","Warm",21.35,71.5,"New York - Warm"
"527","6/10/18","8/26/18",77,11,"endexp","New York","N12","SARB","82x81_NY10","Male","Warm",19.23,70.5,"New York - Warm"
"528","7/7/18","9/17/18",72,10.29,"endexp","New York","N12","SARB","82x81_NY3","Female","Warm",17.72,71,"New York - Warm"
"529","7/7/18","9/17/18",72,10.29,"endexp","New York","N12","SARB","82x81_NY5","Female","Cold",17.8,67,"New York - Cold"
"530","7/7/18","9/17/18",72,10.29,"endexp","New York","N12","SARB","82x81_NY7","Female","Warm",16.61,67.5,"New York - Warm"
"531","8/19/18","11/3/18",76,10.86,"endexp","New York","N12","SARB","82x81_NY9","Female","Cold",15.72,63.5,"New York - Cold"
"532","8/19/18","11/3/18",76,10.86,"endexp","New York","N12","SARB","82x81_NY11","Female","Cold",19.59,71.5,"New York - Cold"
"533","8/19/18","11/3/18",76,10.86,"endexp","New York","N12","SARB","82x81_NY12","Male","Cold",23.48,74.5,"New York - Cold"
"534","8/19/18","11/3/18",76,10.86,"endexp","New York","N12","SARB","82x81_NY13","Female","Warm",16.36,69,"New York - Warm"
"535","8/19/18","11/3/18",76,10.86,"endexp","New York","N12","SARB","82x81_NY15","Female","Cold",18.88,70,"New York - Cold"
"536","8/19/18","11/3/18",76,10.86,"endexp","New York","N12","SARB","82x81_NY17","Female","Warm",16.82,70,"New York - Warm"
"537","6/10/18","7/12/18",32,4.57,"na","New York","N12","SARB","82x81_NY1","Female","Cold",15.61,62,"New York - Cold"
"538","6/10/18","7/12/18",32,4.57,"na","New York","N12","SARB","82x81_NY2","Male","Warm",17.65,65,"New York - Warm"
"539","6/10/18","7/12/18",32,4.57,"na","New York","N12","SARB","82x81_NY4","Male","Cold",14.23,62,"New York - Cold"
"540","6/10/18","7/12/18",32,4.57,"na","New York","N12","SARB","82x81_NY6","Male","Cold",14.47,63,"New York - Cold"
"541","6/10/18","7/12/18",32,4.57,"na","New York","N12","SARB","82x81_NY8","Male","Warm",17.78,65.5,"New York - Warm"
"542","6/10/18","7/12/18",32,4.57,"na","New York","N12","SARB","82x81_NY10","Male","Warm",18.54,68,"New York - Warm"
"543","6/10/18","7/19/18",39,5.57,"na","New York","N12","SARB","82x81_NY1","Female","Cold",17.39,62.5,"New York - Cold"
"544","6/10/18","7/19/18",39,5.57,"na","New York","N12","SARB","82x81_NY2","Male","Warm",19.36,66,"New York - Warm"
"545","6/10/18","7/19/18",39,5.57,"na","New York","N12","SARB","82x81_NY4","Male","Cold",16.16,62,"New York - Cold"
"546","6/10/18","7/19/18",39,5.57,"na","New York","N12","SARB","82x81_NY6","Male","Cold",15.88,64,"New York - Cold"
"547","6/10/18","7/19/18",39,5.57,"na","New York","N12","SARB","82x81_NY8","Male","Warm",19.86,67,"New York - Warm"
"548","6/10/18","7/19/18",39,5.57,"na","New York","N12","SARB","82x81_NY10","Male","Warm",19.13,68,"New York - Warm"
"549","6/10/18","7/26/18",46,6.57,"na","New York","N12","SARB","82x81_NY1","Female","Cold",17.7,63,"New York - Cold"
"550","6/10/18","7/26/18",46,6.57,"na","New York","N12","SARB","82x81_NY2","Male","Warm",19.33,66,"New York - Warm"
"551","6/10/18","7/26/18",46,6.57,"na","New York","N12","SARB","82x81_NY4","Male","Cold",16.84,62.5,"New York - Cold"
"552","6/10/18","7/26/18",46,6.57,"na","New York","N12","SARB","82x81_NY6","Male","Cold",16.66,64.5,"New York - Cold"
"553","6/10/18","7/26/18",46,6.57,"na","New York","N12","SARB","82x81_NY8","Male","Warm",19.6,69.5,"New York - Warm"
"554","6/10/18","7/26/18",46,6.57,"na","New York","N12","SARB","82x81_NY10","Male","Warm",18.71,68,"New York - Warm"
"555","6/10/18","8/2/18",53,7.57,"na","New York","N12","SARB","82x81_NY1","Female","Cold",16.99,64,"New York - Cold"
"556","6/10/18","8/2/18",53,7.57,"na","New York","N12","SARB","82x81_NY2","Male","Warm",20.35,70,"New York - Warm"
"557","6/10/18","8/2/18",53,7.57,"na","New York","N12","SARB","82x81_NY4","Male","Cold",17.31,63.5,"New York - Cold"
"558","6/10/18","8/2/18",53,7.57,"na","New York","N12","SARB","82x81_NY6","Male","Cold",16.58,65,"New York - Cold"
"559","6/10/18","8/2/18",53,7.57,"na","New York","N12","SARB","82x81_NY8","Male","Warm",19.99,71.5,"New York - Warm"
"560","6/10/18","8/2/18",53,7.57,"na","New York","N12","SARB","82x81_NY10","Male","Warm",18.83,69,"New York - Warm"
"561","6/10/18","8/9/18",60,8.57,"na","New York","N12","SARB","82x81_NY1","Female","Cold",17.14,64,"New York - Cold"
"562","6/10/18","8/9/18",60,8.57,"na","New York","N12","SARB","82x81_NY2","Male","Warm",20.66,70.5,"New York - Warm"
"563","6/10/18","8/9/18",60,8.57,"na","New York","N12","SARB","82x81_NY4","Male","Cold",17.77,64,"New York - Cold"
"564","6/10/18","8/9/18",60,8.57,"na","New York","N12","SARB","82x81_NY6","Male","Cold",16.44,65,"New York - Cold"
"565","6/10/18","8/9/18",60,8.57,"na","New York","N12","SARB","82x81_NY8","Male","Warm",19.55,71.5,"New York - Warm"
"566","6/10/18","8/9/18",60,8.57,"na","New York","N12","SARB","82x81_NY10","Male","Warm",19.01,70,"New York - Warm"
"567","6/10/18","8/16/18",67,9.57,"na","New York","N12","SARB","82x81_NY1","Female","Cold",18.02,64.5,"New York - Cold"
"568","6/10/18","8/16/18",67,9.57,"na","New York","N12","SARB","82x81_NY2","Male","Warm",21.68,71,"New York - Warm"
"569","6/10/18","8/16/18",67,9.57,"na","New York","N12","SARB","82x81_NY4","Male","Cold",18.23,65.5,"New York - Cold"
"570","6/10/18","8/16/18",67,9.57,"na","New York","N12","SARB","82x81_NY6","Male","Cold",17.67,66.5,"New York - Cold"
"571","6/10/18","8/16/18",67,9.57,"na","New York","N12","SARB","82x81_NY8","Male","Warm",20.95,71.5,"New York - Warm"
"572","6/10/18","8/16/18",67,9.57,"na","New York","N12","SARB","82x81_NY10","Male","Warm",19.7,70.5,"New York - Warm"
"573","6/10/18","8/23/18",74,10.57,"na","New York","N12","SARB","82x81_NY1","Female","Cold",17.87,64.5,"New York - Cold"
"574","6/10/18","8/23/18",74,10.57,"na","New York","N12","SARB","82x81_NY2","Male","Warm",21.87,72,"New York - Warm"
"575","6/10/18","8/23/18",74,10.57,"na","New York","N12","SARB","82x81_NY4","Male","Cold",18.74,65.5,"New York - Cold"
"576","6/10/18","8/23/18",74,10.57,"na","New York","N12","SARB","82x81_NY6","Male","Cold",17.87,66.5,"New York - Cold"
"577","6/10/18","8/23/18",74,10.57,"na","New York","N12","SARB","82x81_NY8","Male","Warm",20.86,71.5,"New York - Warm"
"578","6/10/18","8/23/18",74,10.57,"na","New York","N12","SARB","82x81_NY10","Male","Warm",19.31,70.5,"New York - Warm"
"579","7/7/18","8/8/18",32,4.57,"na","New York","N12","SARB","82x81_NY3","Female","Warm",15.04,65,"New York - Warm"
"580","7/7/18","8/8/18",32,4.57,"na","New York","N12","SARB","82x81_NY5","Female","Cold",15.13,62,"New York - Cold"
"581","7/7/18","8/8/18",32,4.57,"na","New York","N12","SARB","82x81_NY7","Female","Warm",14.52,63,"New York - Warm"
"582","7/7/18","8/15/18",39,5.57,"na","New York","N12","SARB","82x81_NY3","Female","Warm",16.1,66.5,"New York - Warm"
"583","7/7/18","8/15/18",39,5.57,"na","New York","N12","SARB","82x81_NY5","Female","Cold",16.06,63.5,"New York - Cold"
"584","7/7/18","8/15/18",39,5.57,"na","New York","N12","SARB","82x81_NY7","Female","Warm",15.16,65,"New York - Warm"
"585","7/7/18","8/22/18",46,6.57,"na","New York","N12","SARB","82x81_NY3","Female","Warm",16.57,68,"New York - Warm"
"586","7/7/18","8/22/18",46,6.57,"na","New York","N12","SARB","82x81_NY5","Female","Cold",16.28,65,"New York - Cold"
"587","7/7/18","8/22/18",46,6.57,"na","New York","N12","SARB","82x81_NY7","Female","Warm",15.31,65,"New York - Warm"
"588","7/7/18","8/29/18",53,7.57,"na","New York","N12","SARB","82x81_NY3","Female","Warm",16.57,70,"New York - Warm"
"589","7/7/18","8/29/18",53,7.57,"na","New York","N12","SARB","82x81_NY5","Female","Cold",16.6,66.5,"New York - Cold"
"590","7/7/18","8/29/18",53,7.57,"na","New York","N12","SARB","82x81_NY7","Female","Warm",15.56,67.5,"New York - Warm"
"591","7/7/18","9/5/18",60,8.57,"na","New York","N12","SARB","82x81_NY3","Female","Warm",17.09,70.5,"New York - Warm"
"592","7/7/18","9/5/18",60,8.57,"na","New York","N12","SARB","82x81_NY5","Female","Cold",16.42,67,"New York - Cold"
"593","7/7/18","9/5/18",60,8.57,"na","New York","N12","SARB","82x81_NY7","Female","Warm",16.96,67.5,"New York - Warm"
"594","7/7/18","9/13/18",68,9.71,"na","New York","N12","SARB","82x81_NY3","Female","Warm",16.82,71,"New York - Warm"
"595","7/7/18","9/13/18",68,9.71,"na","New York","N12","SARB","82x81_NY5","Female","Cold",17.1,67,"New York - Cold"
"596","7/7/18","9/13/18",68,9.71,"na","New York","N12","SARB","82x81_NY7","Female","Warm",15.9,67.5,"New York - Warm"
"597","8/19/18","9/22/18",34,4.86,"na","New York","N12","SARB","82x81_NY9","Female","Cold",13.17,60,"New York - Cold"
"598","8/19/18","9/22/18",34,4.86,"na","New York","N12","SARB","82x81_NY11","Female","Cold",15.76,66.5,"New York - Cold"
"599","8/19/18","9/22/18",34,4.86,"na","New York","N12","SARB","82x81_NY12","Male","Cold",18.18,67.5,"New York - Cold"
"600","8/19/18","9/20/18",32,4.57,"na","New York","N12","SARB","82x81_NY13","Female","Warm",13.9,63.5,"New York - Warm"
"601","8/19/18","9/22/18",34,4.86,"na","New York","N12","SARB","82x81_NY15","Female","Cold",14.7,65,"New York - Cold"
"602","8/19/18","9/20/18",32,4.57,"na","New York","N12","SARB","82x81_NY17","Female","Warm",13.53,64,"New York - Warm"
"603","8/19/18","9/27/18",39,5.57,"na","New York","N12","SARB","82x81_NY9","Female","Cold",14.66,60,"New York - Cold"
"604","8/19/18","9/27/18",39,5.57,"na","New York","N12","SARB","82x81_NY11","Female","Cold",18.05,67,"New York - Cold"
"605","8/19/18","9/27/18",39,5.57,"na","New York","N12","SARB","82x81_NY12","Male","Cold",20.15,69,"New York - Cold"
"606","8/19/18","9/27/18",39,5.57,"na","New York","N12","SARB","82x81_NY13","Female","Warm",16.24,65,"New York - Warm"
"607","8/19/18","9/27/18",39,5.57,"na","New York","N12","SARB","82x81_NY15","Female","Cold",15.75,67,"New York - Cold"
"608","8/19/18","9/27/18",39,5.57,"na","New York","N12","SARB","82x81_NY17","Female","Warm",15.29,66.5,"New York - Warm"
"609","8/19/18","10/4/18",46,6.57,"na","New York","N12","SARB","82x81_NY9","Female","Cold",14.21,62.5,"New York - Cold"
"610","8/19/18","10/4/18",46,6.57,"na","New York","N12","SARB","82x81_NY11","Female","Cold",18.45,69,"New York - Cold"
"611","8/19/18","10/4/18",46,6.57,"na","New York","N12","SARB","82x81_NY12","Male","Cold",20.18,72,"New York - Cold"
"612","8/19/18","10/4/18",46,6.57,"na","New York","N12","SARB","82x81_NY13","Female","Warm",15.95,67,"New York - Warm"
"613","8/19/18","10/4/18",46,6.57,"na","New York","N12","SARB","82x81_NY15","Female","Cold",16.42,67.5,"New York - Cold"
"614","8/19/18","10/4/18",46,6.57,"na","New York","N12","SARB","82x81_NY17","Female","Warm",15.23,68.5,"New York - Warm"
"615","8/19/18","10/12/18",54,7.71,"na","New York","N12","SARB","82x81_NY9","Female","Cold",14.69,62,"New York - Cold"
"616","8/19/18","10/12/18",54,7.71,"na","New York","N12","SARB","82x81_NY11","Female","Cold",18.09,69,"New York - Cold"
"617","8/19/18","10/12/18",54,7.71,"na","New York","N12","SARB","82x81_NY12","Male","Cold",20.5,72.5,"New York - Cold"
"618","8/19/18","10/12/18",54,7.71,"na","New York","N12","SARB","82x81_NY13","Female","Warm",16.26,68,"New York - Warm"
"619","8/19/18","10/12/18",54,7.71,"na","New York","N12","SARB","82x81_NY15","Female","Cold",16.68,69,"New York - Cold"
"620","8/19/18","10/12/18",54,7.71,"na","New York","N12","SARB","82x81_NY17","Female","Warm",15.99,68.5,"New York - Warm"
"621","8/19/18","10/19/18",61,8.71,"na","New York","N12","SARB","82x81_NY9","Female","Cold",15.85,63.5,"New York - Cold"
"622","8/19/18","10/19/18",61,8.71,"na","New York","N12","SARB","82x81_NY11","Female","Cold",18.89,71.5,"New York - Cold"
"623","8/19/18","10/19/18",61,8.71,"na","New York","N12","SARB","82x81_NY12","Male","Cold",21.68,74.5,"New York - Cold"
"624","8/19/18","10/19/18",61,8.71,"na","New York","N12","SARB","82x81_NY13","Female","Warm",16.52,69,"New York - Warm"
"625","8/19/18","10/19/18",61,8.71,"na","New York","N12","SARB","82x81_NY15","Female","Cold",17.71,70,"New York - Cold"
"626","8/19/18","10/19/18",61,8.71,"na","New York","N12","SARB","82x81_NY17","Female","Warm",16.62,69,"New York - Warm"
"627","6/10/18","7/5/18",25,3.57,"startexp","New York","N12","SARB","82x81_NY1","Female","Cold",13.63,61,"New York - Cold"
"628","6/10/18","7/5/18",25,3.57,"startexp","New York","N12","SARB","82x81_NY2","Male","Warm",12.1,62.5,"New York - Warm"
"629","6/10/18","7/5/18",25,3.57,"startexp","New York","N12","SARB","82x81_NY4","Male","Cold",12.36,61.5,"New York - Cold"
"630","6/10/18","7/5/18",25,3.57,"startexp","New York","N12","SARB","82x81_NY6","Male","Cold",12.56,63,"New York - Cold"
"631","6/10/18","7/5/18",25,3.57,"startexp","New York","N12","SARB","82x81_NY8","Male","Warm",12.64,62.5,"New York - Warm"
"632","6/10/18","7/5/18",25,3.57,"startexp","New York","N12","SARB","82x81_NY10","Male","Warm",13.15,62.5,"New York - Warm"
"633","7/7/18","8/1/18",25,3.57,"startexp","New York","N12","SARB","82x81_NY3","Female","Warm",13.7,61,"New York - Warm"
"634","7/7/18","8/1/18",25,3.57,"startexp","New York","N12","SARB","82x81_NY5","Female","Cold",12.65,58.5,"New York - Cold"
"635","7/7/18","8/1/18",25,3.57,"startexp","New York","N12","SARB","82x81_NY7","Female","Warm",13.17,60,"New York - Warm"
"636","8/19/18","9/13/18",25,3.57,"startexp","New York","N12","SARB","82x81_NY9","Female","Cold",10.37,57,"New York - Cold"
"637","8/19/18","9/13/18",25,3.57,"startexp","New York","N12","SARB","82x81_NY11","Female","Cold",13.06,62,"New York - Cold"
"638","8/19/18","9/13/18",25,3.57,"startexp","New York","N12","SARB","82x81_NY12","Male","Cold",13.68,63.5,"New York - Cold"
"639","8/19/18","9/13/18",25,3.57,"startexp","New York","N12","SARB","82x81_NY13","Female","Warm",11.56,61,"New York - Warm"
"640","8/19/18","9/13/18",25,3.57,"startexp","New York","N12","SARB","82x81_NY15","Female","Cold",11.78,62,"New York - Cold"
"641","8/19/18","9/13/18",25,3.57,"startexp","New York","N12","SARB","82x81_NY17","Female","Warm",11.44,60.5,"New York - Warm"
"642","6/10/18","7/1/18",21,3,"weaning","New York","N12","SARB","82x81_NY1","Female","Cold",11.34,58,"New York - Cold"
"643","6/10/18","7/1/18",21,3,"weaning","New York","N12","SARB","82x81_NY2","Male","Warm",10.02,53,"New York - Warm"
"644","6/10/18","7/1/18",21,3,"weaning","New York","N12","SARB","82x81_NY4","Male","Cold",9.89,56,"New York - Cold"
"645","6/10/18","7/1/18",21,3,"weaning","New York","N12","SARB","82x81_NY6","Male","Cold",10.38,56,"New York - Cold"
"646","6/10/18","7/1/18",21,3,"weaning","New York","N12","SARB","82x81_NY8","Male","Warm",10.61,56,"New York - Warm"
"647","6/10/18","7/1/18",21,3,"weaning","New York","N12","SARB","82x81_NY10","Male","Warm",10.18,56,"New York - Warm"
"648","7/7/18","7/27/18",20,2.86,"weaning","New York","N12","SARB","82x81_NY3","Female","Warm",10.88,57,"New York - Warm"
"649","7/7/18","7/27/18",20,2.86,"weaning","New York","N12","SARB","82x81_NY5","Female","Cold",10.87,55,"New York - Cold"
"650","7/7/18","7/27/18",20,2.86,"weaning","New York","N12","SARB","82x81_NY7","Female","Warm",10.63,55.5,"New York - Warm"
"651","8/19/18","9/10/18",22,3.14,"weaning","New York","N12","SARB","82x81_NY9","Female","Cold",10.13,56.5,"New York - Cold"
"652","8/19/18","9/10/18",22,3.14,"weaning","New York","N12","SARB","82x81_NY11","Female","Cold",12.06,60.5,"New York - Cold"
"653","8/19/18","9/10/18",22,3.14,"weaning","New York","N12","SARB","82x81_NY12","Male","Cold",12.83,62,"New York - Cold"
"654","8/19/18","9/10/18",22,3.14,"weaning","New York","N12","SARB","82x81_NY13","Female","Warm",11.04,59,"New York - Warm"
"655","8/19/18","9/10/18",22,3.14,"weaning","New York","N12","SARB","82x81_NY15","Female","Cold",11.56,60.5,"New York - Cold"
"656","8/19/18","9/10/18",22,3.14,"weaning","New York","N12","SARB","82x81_NY17","Female","Warm",11.59,59,"New York - Warm"
