"","GUID","Population","Collector_ID","Sex","Generation","Line_ID","Mother_Line","Father_Line","Parental_ID","Sample_ID","Total_Length_mm","Tail_Length_mm","Hindfoot_Length_mm","Ear_Length_mm","Body_Weight_g","Body_Length_mm","Age_days","Notes"
"1","MVZ:Mamm:237788","Brazil","FMM192","Female","N0",NA,192,NA,NA,NA,166,86,18,15,17.25,80,"NA",NA
"2","MVZ:Mamm:237790","Brazil","FMM202","Female","N0",NA,202,NA,NA,NA,137,75,16.1,14,13.3,62,"NA",NA
"3","MVZ:Mamm:236480","Brazil","FMM209","Female","N0",NA,209,NA,NA,NA,169,88,17,14,14.4,81,"NA",NA
"4","MVZ:Mamm:236563","Brazil","FMM216","Female","N0",NA,216,NA,NA,NA,173,87,19,15,12.8,86,"NA",NA
"5","NA","Brazil","FMM218","Female","N0",NA,218,NA,NA,NA,162.5,76.5,17.1,12.5,13.5,86,"NA",NA
"6","MVZ:Mamm:237792","Brazil","FMM221","Female","N0",NA,221,NA,NA,NA,165,77,18,15,18,88,"NA",NA
"7","MVZ:Mamm:236481","Brazil","FMM223","Female","N0",NA,223,NA,NA,NA,151,72,17,14,10.2,79,"NA",NA
"8","MVZ:Mamm:237794","Brazil","FMM224","Female","N0",NA,224,NA,NA,NA,166,88,16.75,15,14.25,78,"NA",NA
"9","MVZ:Mamm:236478","Brazil","FMM227","Female","N0",NA,227,NA,NA,NA,170,79,18,14.5,12.8,91,"NA",NA
"10","MVZ:Mamm:236564","Brazil","FMM232","Female","N0",NA,232,NA,NA,NA,149,78,14,13,12.75,71,"NA",NA
"11","MVZ:Mamm:236479","Brazil","FMM238","Female","N0",NA,238,NA,NA,NA,178,89,17.5,13.1,19.9,89,"NA",NA
"12","MVZ:Mamm:236565","Brazil","FMM240","Female","N0",NA,240,NA,NA,NA,180,96,18,19,16.25,84,"NA",NA
"13","MVZ:Mamm:236566","Brazil","FMM245","Female","N0",NA,245,NA,NA,NA,162,80,17.2,12.5,11.7,82,"NA",NA
"14","MVZ:Mamm:237799","Brazil","FMM250","Female","N0",NA,250,NA,NA,NA,173,89,18,14,12,84,"NA",NA
"15","MVZ:Mamm:236488","Brazil","FMM254","Female","N0",NA,254,NA,NA,NA,171,81,17,12.5,13.8,90,"NA",NA
"16","NA","Brazil","FMM255","Female","N0",NA,255,NA,NA,NA,175,92,17,15,15,83,"NA",NA
"17","NA","Brazil","FMM260","Female","N0",NA,260,NA,NA,NA,166,86,16,17,14,80,"NA",NA
"18","NA","Brazil","FMM261","Female","N0",NA,261,NA,NA,NA,176,88,18,14,18.9,88,"NA",NA
"19","NA","Brazil","FMM262","Female","N0",NA,262,NA,NA,NA,160,82,16,14,13.6,78,"NA",NA
"20","MVZ:Mamm:236483","Brazil","FMM263","Female","N0",NA,263,NA,NA,NA,153,74,16,13,13.1,79,"NA",NA
"21","MVZ:Mamm:237784","Brazil","FMM191","Male","N0",NA,NA,191,NA,NA,153,80,17,12,11.4,73,"NA",NA
"22","MVZ:Mamm:237789","Brazil","FMM193","Male","N0",NA,NA,193,NA,NA,139,NA,18,17,15.5,77,"NA","damaged tail"
"23","MVZ:Mamm:236475","Brazil","FMM208","Male","N0",NA,NA,208,NA,NA,180,90,19,16,16,90,"NA",NA
"24","MVZ:Mamm:236477","Brazil","FMM213","Male","N0",NA,NA,213,NA,NA,170,83,18,14,12.9,87,"NA",NA
"25","MVZ:Mamm:237791","Brazil","FMM215","Male","N0",NA,NA,215,NA,NA,174,82,18,14,18.5,92,"NA",NA
"26","MVZ:Mamm:237793","Brazil","FMM222","Male","N0",NA,NA,222,NA,NA,175,95,17,15,15.75,80,"NA",NA
"27","MVZ:Mamm:237795","Brazil","FMM225","Male","N0",NA,NA,225,NA,NA,172,82,17.7,13,18,90,"NA",NA
"28","NA","Brazil","FMM226","Male","N0",NA,NA,226,NA,NA,188,99,19,14,18.8,89,"NA",NA
"29","MVZ:Mamm:236482","Brazil","FMM228","Male","N0",NA,NA,228,NA,NA,147,74,17,16,14.5,73,"NA",NA
"30","MVZ:Mamm:237796","Brazil","FMM239","Male","N0",NA,NA,239,NA,NA,162,87,18,15,16,75,"NA",NA
"31","NA","Brazil","FMM241","Male","N0",NA,NA,241,NA,NA,157,78,17,14,14.5,79,"NA",NA
"32","MVZ:Mamm:236484","Brazil","FMM246","Male","N0",NA,NA,246,NA,NA,176,77,14,14,17.75,99,"NA",NA
"33","MVZ:Mamm:237797","Brazil","FMM247","Male","N0",NA,NA,247,NA,NA,146,NA,17.8,13.5,15.5,89,"NA","damaged tail"
"34","MVZ:Mamm:237798","Brazil","FMM249","Male","N0",NA,NA,249,NA,NA,172,91,16,NA,13.5,81,"NA","damaged ear"
"35","NA","Brazil","FMM251","Male","N0",NA,NA,251,NA,NA,173,91,19,14,16.5,82,"NA",NA
"36","MVZ:Mamm:237800","Brazil","FMM252","Male","N0",NA,NA,252,NA,NA,156,80,15,15,14.5,76,"NA",NA
"37","NA","Brazil","FMM256","Male","N0",NA,NA,256,NA,NA,170,87,17.5,14.5,15,83,"NA",NA
"38","MVZ:Mamm:236568","Brazil","FMM264","Male","N0",NA,NA,264,NA,NA,161,80,15,14,12,81,"NA",NA
"39","NA","New York","MJS01","Female","N0",NA,1,NA,NA,NA,173,79,18,14,20.5,94,"NA",NA
"40","NA","New York","MJS09","Female","N0",NA,9,NA,NA,NA,188,85,19,12,21.5,103,"NA",NA
"41","NA","New York","MJS105","Female","N0",NA,105,NA,NA,NA,180,93.5,19,15,16.125,86.5,"NA",NA
"42","NA","New York","MJS19","Female","N0",NA,19,NA,NA,NA,192,95,17,15,22.5,97,"NA",NA
"43","NA","New York","MJS29","Female","N0",NA,29,NA,NA,NA,190,88,19,14,22,102,"NA",NA
"44","NA","New York","MJS34","Female","N0",NA,34,NA,NA,NA,182,85,19,13.5,16.7,97,"NA",NA
"45","NA","New York","MJS39","Female","N0",NA,39,NA,NA,NA,179,90,19,15,15.6,89,"NA",NA
"46","NA","New York","MJS44","Female","N0",NA,44,NA,NA,NA,191,92,19.8,14,19,99,"NA",NA
"47","NA","New York","MJS48","Female","N0",NA,48,NA,NA,NA,178,89,19,16,18.8,89,"NA",NA
"48","NA","New York","MJS49","Female","N0",NA,49,NA,NA,NA,179,83,19,NA,22.15,96,"NA","damaged ear"
"49","NA","New York","MJS54","Female","N0",NA,54,NA,NA,NA,176,79,19.5,14,24.75,97,"NA",NA
"50","NA","New York","MJS66","Female","N0",NA,66,NA,NA,NA,161,82,19,15,16.25,79,"NA",NA
"51","NA","New York","MJS76","Female","N0",NA,76,NA,NA,NA,175,86,18,16,19.25,89,"NA",NA
"52","NA","New York","MJS82","Female","N0",NA,82,NA,NA,NA,185,96.5,18.6,13.5,23,88.5,"NA",NA
"53","NA","New York","MJS83","Female","N0",NA,83,NA,NA,NA,166,82,17,13,13,84,"NA",NA
"54","NA","New York","MJS84","Female","N0",NA,84,NA,NA,NA,189,92.5,17.5,14.5,19.6,96.5,"NA",NA
"55","NA","New York","MJS92","Female","N0",NA,92,NA,NA,NA,177,85,17,13,18,92,"NA",NA
"56","NA","New York","MJS05","Male","N0",NA,NA,5,NA,NA,175,79,18,15,26.8,96,"NA",NA
"57","NA","New York","MJS104","Male","N0",NA,NA,104,NA,NA,190,94,20,14,18.8,96,"NA",NA
"58","NA","New York","MJS11","Male","N0",NA,NA,11,NA,NA,174,81,19,16,23.6,93,"NA",NA
"59","NA","New York","MJS13","Male","N0",NA,NA,13,NA,NA,190,92,18,15.5,22.5,98,"NA",NA
"60","NA","New York","MJS38","Male","N0",NA,NA,38,NA,NA,171,88,20,15,33,83,"NA",NA
"61","NA","New York","MJS47","Male","N0",NA,NA,47,NA,NA,167,82,20,15,19.5,85,"NA",NA
"62","NA","New York","MJS56","Male","N0",NA,NA,56,NA,NA,166,75,29,16,26.25,91,"NA",NA
"63","NA","New York","MJS60","Male","N0",NA,NA,60,NA,NA,191,88,19,14,32.8,103,"NA",NA
"64","NA","New York","MJS67","Male","N0",NA,NA,67,NA,NA,193,99,19,15.5,NA,94,"NA",NA
"65","NA","New York","MJS81","Male","N0",NA,NA,81,NA,NA,180,88,18,14,20.2,92,"NA",NA
"66","NA","New York","MJS89","Male","N0",NA,NA,89,NA,NA,185,90,19.2,14,28.5,95,"NA",NA
"67","NA","New York","MJS91","Male","N0",NA,NA,91,NA,NA,182,85,20,15,27.5,97,"NA",NA
"68","NA","New York","MJS97","Male","N0",NA,NA,97,NA,NA,185.5,87,20,16,22.25,98.5,"NA",NA
"69","NA","Brazil","FMM295","Female","N1","221x215",221,215,NA,NA,158,87,19,13,11.7,71,"NA",NA
"70","NA","Brazil","FMM300","Female","N1","221x215",221,215,NA,NA,173,85,20,13,13.3,88,"NA",NA
"71","NA","Brazil","FMM301","Female","N1","221x215",221,215,NA,NA,165,86,18,18,12.7,79,"NA",NA
"72","NA","Brazil","FMM302","Female","N1","209x208",209,208,NA,NA,159,84,16,13,13,75,"NA",NA
"73","NA","Brazil","FMM303","Female","N1","250x247",250,247,NA,NA,147,79,17,13,11,68,"NA",NA
"74","NA","Brazil","FMM304","Female","N1","221x215",221,215,NA,NA,155,83,18,15,12.3,72,"NA",NA
"75","NA","Brazil","FMM307","Female","N1","255x193",255,193,NA,NA,162,89,16,14,15.3,73,"NA",NA
"76","NA","Brazil","FMM309","Female","N1","250x247",250,247,NA,NA,162,88,17,13,13.4,74,"NA",NA
"77","NA","Brazil","FMM310","Female","N1","209x208",209,208,NA,NA,167,84,17,14,11.4,83,"NA",NA
"78","NA","Brazil","FMM311","Female","N1","209x208",209,208,NA,NA,171,84,18,15,11.6,87,"NA",NA
"79","NA","Brazil","FMM312","Female","N1","209x208",209,208,NA,NA,169,83,17,15,11.8,86,"NA",NA
"80","NA","Brazil","FMM313","Female","N1","221x215",221,215,NA,NA,162,84,18,15,13.9,78,"NA",NA
"81","NA","Brazil","FMM316","Female","N1","261x239",261,239,NA,NA,171,90,17,15,22.1,81,"NA",NA
"82","NA","Brazil","FMM317","Female","N1","261x239",261,239,NA,NA,171,84,17,14,NA,87,"NA",NA
"83","NA","Brazil","FMM319","Female","N1","261x239",261,239,NA,NA,182,90,17,14,NA,92,"NA","pregnant"
"84","NA","Brazil","FMM320","Female","N1","261x239",261,239,NA,NA,181,91,19,16,15.8,90,"NA",NA
"85","NA","Brazil","FMM321","Female","N1","261x239",261,239,NA,NA,150,83,16,13,11.9,67,"NA",NA
"86","NA","Brazil","FMM322","Female","N1","224x225",224,225,NA,NA,156,74,17,15,12.2,82,"NA",NA
"87","NA","Brazil","FMM323","Female","N1","224x225",224,225,NA,NA,160,81,18,15,11,79,"NA",NA
"88","NA","Brazil","FMM324","Female","N1","261x239",261,239,NA,NA,158,81,17,14,11.4,77,"NA",NA
"89","NA","Brazil","FMM325","Female","N1","254x215",254,215,NA,NA,165,81,16,14,15,84,"NA",NA
"90","NA","Brazil","FMM326","Female","N1","250x247",250,247,NA,NA,165,85,17,15,12.3,80,"NA",NA
"91","NA","Brazil","FMM332","Female","N1","255x193",255,193,NA,NA,150,82,17,15,10.9,68,"NA",NA
"92","NA","Brazil","FMM333","Female","N1","209x208",209,208,NA,NA,150,79,16,15,10.7,71,"NA",NA
"93","NA","Brazil","FMM336","Female","N1","250x247",250,247,NA,NA,177,85,19,14,12.5,92,"NA",NA
"94","NA","Brazil","FMM337","Female","N1","224x225",224,225,NA,NA,173,87,17,15,12.4,86,"NA",NA
"95","NA","Brazil","FMM338","Female","N1","202x246",202,246,NA,NA,149,76,16,13,10,73,"NA",NA
"96","NA","Brazil","FMM339","Female","N1","222x254",254,222,NA,NA,161,75,16,15,18.6,86,"NA",NA
"97","NA","Brazil","FMM345","Female","N1","261x239",261,239,NA,NA,169,88,18,14,17.9,81,"NA",NA
"98","NA","Brazil","FMM346","Female","N1","228x238",238,228,NA,NA,168,87,18,14,15.3,81,"NA",NA
"99","NA","Brazil","FMM347","Female","N1","261x239",261,239,NA,NA,178,92,18,14,15,86,"NA",NA
"100","NA","Brazil","FMM352","Female","N1","222x254",254,222,NA,NA,178,86.5,18.1,13.5,16.8,91.5,"NA",NA
"101","NA","Brazil","FMM353","Female","N1","202x246",202,246,NA,NA,160,80,18,13,11.8,80,"NA",NA
"102","NA","Brazil","FMM362","Female","N1","222x254",254,222,NA,"5",176,82,18,16,26,94,"295",NA
"103","NA","Brazil","FMM363","Female","N1","192x252",192,252,NA,"5",176,90,17,14,14.5,86,"245",NA
"104","NA","Brazil","FMM364","Female","N1","192x252",192,252,NA,"9",180,86,18,13,14.5,94,"425",NA
"105","NA","Brazil","FMM365","Female","N1","192x252",192,252,NA,"11",181,86,19,14,14.6,95,"425",NA
"106","NA","Brazil","FMM366","Female","N1","192x252",192,252,NA,"13",186,88,18,14,15.8,98,"425",NA
"107","NA","Brazil","FMM367","Female","N1","192x252",192,252,NA,"15",182,87,18,14,14,95,"425",NA
"108","NA","Brazil","FMM368","Female","N1","192x252",192,252,NA,"3",163,80,15,15,14.01,83,"292",NA
"109","NA","Brazil","FMM369","Female","N1","192x252",192,252,NA,"7",150,76,15,14,13.4,74,"245",NA
"110","MVZ:Mamm:236576","Brazil","FMM379","Female","N1","228x238",238,228,NA,"7",171,85,17,15,18.4,86,"294",NA
"111","NA","Brazil","FMM385","Female","N1","209x208",209,208,NA,"7",175,89,18,15,15.5,86,"512",NA
"112","NA","Brazil","FMM387","Female","N1","216x211",216,211,NA,"5",171,82,16,15,16.6,89,"558",NA
"113","NA","Brazil","FMM388","Female","N1","255x193",255,193,NA,"11",172,89,18,15,12.1,83,"NA",NA
"114","NA","Brazil","FMM394","Female","N1","221x215",221,215,NA,"5",164,83,19,15,15,81,"557",NA
"115","NA","Brazil","FMM396","Female","N1","209x208",209,208,NA,"11",184,90,18,15,14.9,94,"316",NA
"116","MVZ:Mamm:236581","Brazil","FMM397","Female","N1","221x215",221,215,NA,"1",185,85,19,16,16.4,100,"557",NA
"117","NA","Brazil","FMM400","Female","N1","228x238",238,228,NA,"1",186,88,19,15,19.1,98,"268",NA
"118","NA","Brazil","FMM401","Female","N1","216x211",216,NA,NA,"1",155,77,16,19,12.5,78,"NA",NA
"119","NA","Brazil","FMM402","Female","N1","221x215",221,215,NA,"3",175,88,18,15,15.2,87,"557",NA
"120","MVZ:Mamm:236583","Brazil","FMM403","Female","N1","255x193",255,193,NA,"5",173,86,17,15,15.1,87,"446",NA
"121","NA","Brazil","FMM404","Female","N1","255x193",255,193,NA,"7",170,88,18,16,16.5,82,"446",NA
"122","MVZ:Mamm:236586","Brazil","FMM413","Female","N1","222x254",254,222,NA,"1",177,89,19,14,18,88,"308",NA
"123","MVZ:Mamm:236589","Brazil","FMM416","Female","N1","224x225",224,225,NA,"3",186,95,17,14,15.75,91,"593",NA
"124","MVZ:Mamm:236591","Brazil","FMM418","Female","N1","228x238",238,228,NA,"5",180,91,18,15,17.3,89,"308",NA
"125","MVZ:Mamm:236592","Brazil","FMM419","Female","N1","224x225",224,225,NA,"1",170,86,18,13,13.3,84,"593",NA
"126","MVZ:Mamm:236593","Brazil","FMM420","Female","N1","254x215",254,215,NA,"3",171,88,18,15,16.5,83,"486",NA
"127","NA","Brazil","FMM422","Female","N1","202x246",202,246,NA,NA,165,84,19,15,17.9,81,"384",NA
"128","NA","Brazil","FMM432","Female","N1","202x246",202,246,NA,NA,165,84,19,15,17.9,81,"384",NA
"129","MVZ:Mamm:236595","Brazil","FMM438","Female","N1","263x249",263,249,NA,NA,186,94,17,13,14.3,92,"530",NA
"130","MVZ:Mamm:236598","Brazil","FMM449","Female","N1","263x249",263,249,NA,NA,184,90,16,15,13.2,94,"441",NA
"131","MVZ:Mamm:236599","Brazil","FMM450","Female","N1","192x252",192,252,NA,NA,170,76,16,13,14.5,94,"432",NA
"132","NA","Brazil","FMM459","Female","N1","202x246",202,246,NA,NA,162,82,19,14,14.9,80,"453",NA
"133","NA","Brazil","FMM477","Female","N1","250x247",250,247,NA,NA,175,85,19,NA,18.7,90,"510",NA
"134","NA","Brazil","FMM493","Female","N1","260x220",260,NA,NA,NA,168,81,19,14,NA,87,"365","pregnant"
"135","NA","Brazil","FMM628","Female","N1","202x246",202,246,NA,NA,150,83,18,13,12,67,"NA",NA
"136","NA","Brazil","FMM306","Male","N1","209x208",209,208,NA,NA,120,73,17,14,15,47,"NA",NA
"137","NA","Brazil","FMM308","Male","N1","221x215",221,215,NA,NA,177,84,19,15,19.5,93,"NA",NA
"138","NA","Brazil","FMM314","Male","N1","254x215",254,215,NA,NA,176,88,17,16,19.7,88,"NA",NA
"139","NA","Brazil","FMM315","Male","N1","254x215",254,215,NA,NA,178,91,18,15,16.7,87,"NA",NA
"140","NA","Brazil","FMM318","Male","N1","262x191",262,191,NA,NA,163,86,18,17,17.3,77,"NA",NA
"141","NA","Brazil","FMM327","Male","N1","255x193",255,193,NA,NA,166,86,15,15,14.9,80,"NA",NA
"142","NA","Brazil","FMM328","Male","N1","228x238",238,228,NA,NA,174,81,18,15,16.5,93,"NA",NA
"143","NA","Brazil","FMM329","Male","N1","254x215",254,215,NA,NA,176,83,18,15,18.7,93,"NA",NA
"144","NA","Brazil","FMM330","Male","N1","232x220",232,NA,NA,NA,161,81,17,12,15.1,80,"NA",NA
"145","NA","Brazil","FMM331","Male","N1","224x225",224,225,NA,NA,175,88,18,15,16.2,87,"NA",NA
"146","NA","Brazil","FMM334","Male","N1","261x239",261,239,NA,NA,187,88,18,15,16.5,99,"NA",NA
"147","NA","Brazil","FMM335","Male","N1","232x220",232,NA,NA,NA,135,46,19,14,13.3,89,"NA",NA
"148","NA","Brazil","FMM340","Male","N1","262x191",262,191,NA,NA,189,99,19,16,17.6,90,"NA",NA
"149","NA","Brazil","FMM348","Male","N1","240x226",240,226,NA,NA,170,90,19,14,13.2,80,"NA",NA
"150","NA","Brazil","FMM349","Male","N1","240x226",240,226,NA,NA,168,89,19,14,14.7,79,"NA",NA
"151","NA","Brazil","FMM355","Male","N1","261x239",261,239,NA,NA,182,95,18,14,19.3,87,"NA",NA
"152","MVZ:Mamm:236569","Brazil","FMM357","Male","N1","262x191",262,191,NA,NA,173,84.5,17.5,14.4,14.1,88.5,"425",NA
"153","MVZ:Mamm:236570","Brazil","FMM358","Male","N1","263x249",263,249,NA,NA,177,90,17.2,13.5,14.6,87,"231",NA
"154","MVZ:Mamm:236571","Brazil","FMM359","Male","N1","224x225",224,225,NA,NA,181,88.5,18.4,14,18.4,92.5,"462",NA
"155","MVZ:Mamm:236572","Brazil","FMM360","Male","N1","222x254",254,222,NA,"4",189,91,17,15,31.9,98,"295",NA
"156","NA","Brazil","FMM361","Male","N1","254x215",254,215,NA,"4",188,89,18,16,23.2,99,"505",NA
"157","MVZ:Mamm:236573","Brazil","FMM375","Male","N1","192x252",192,252,NA,"4",184,88,18,14,15.9,96,"245",NA
"158","MVZ:Mamm:236574","Brazil","FMM376","Male","N1","209x208",209,208,NA,"2",173,86,18,14,14.7,87,"433",NA
"159","MVZ:Mamm:236577","Brazil","FMM380","Male","N1","228x238",238,228,NA,"7",203,90,18,14,25.4,113,"254",NA
"160","MVZ:Mamm:236578","Brazil","FMM381","Male","N1","228x238",238,228,NA,"4",189,90,18,15,18.5,99,"294",NA
"161","MVZ:Mamm:236579","Brazil","FMM384","Male","N1","228x238",238,228,NA,"6",180,89,17,15,22.1,91,"294",NA
"162","MVZ:Mamm:236580","Brazil","FMM386","Male","N1","216x211",216,NA,NA,"4",174,84,18,14,16.8,90,"NA",NA
"163","NA","Brazil","FMM390","Male","N1","221x215",221,215,NA,"8",176,85,NA,15,17.2,91,"271",NA
"164","NA","Brazil","FMM391","Male","N1","221x215",221,215,NA,"2",182,84,16,14,19.3,98,"535",NA
"165","NA","Brazil","FMM392","Male","N1","255x193",255,193,NA,"4",171,86,15,13,16.1,85,"526",NA
"166","NA","Brazil","FMM393","Male","N1","255x193",255,193,NA,"6",195,97,18,17,19.29,98,"446",NA
"167","MVZ:Mamm:236582","Brazil","FMM399","Male","N1","216x211",216,NA,NA,"2",173,86,18,NA,13.8,87,"NA","damaged ear"
"168","NA","Brazil","FMM405","Male","N1","221x215",221,215,NA,"4",142,NA,19,15,18.7,142,"505",NA
"169","MVZ:Mamm:236585","Brazil","FMM412","Male","N1","222x254",254,222,NA,"2",181,90,17,14,29.9,91,"308",NA
"170","MVZ:Mamm:236587","Brazil","FMM414","Male","N1","202x246",202,246,NA,"4",155,NA,18,NA,18.6,90,"354","damaged tail and ear"
"171","MVZ:Mamm:236588","Brazil","FMM415","Male","N1","224x225",224,225,NA,NA,181,89,17,14,26.2,92,"NA",NA
"172","MVZ:Mamm:236590","Brazil","FMM417","Male","N1","224x225",224,225,NA,"2",184,91,18,15,24.5,93,"593",NA
"173","NA","Brazil","FMM421","Male","N1","202x246",202,246,NA,NA,170,85,18,15,16.7,85,"306",NA
"174","NA","Brazil","FMM431","Male","N1","202x246",202,246,NA,NA,170,85,18,15,16.7,85,"306",NA
"175","MVZ:Mamm:236596","Brazil","FMM441","Male","N1","192x252",192,252,NA,NA,168,85,18,15,16.6,83,"404",NA
"176","MVZ:Mamm:236597","Brazil","FMM448","Male","N1","263x249",263,249,NA,NA,190,95,16,13,14.8,95,"413",NA
"177","NA","Brazil","FMM460","Male","N1","202x246",202,246,NA,NA,139,NA,19,14,15.9,139,"453",NA
"178","NA","Brazil","FMM464","Male","N1","250x247",250,247,NA,NA,177,88,18,14,19.5,89,"700",NA
"179","NA","Brazil","FMM476","Male","N1","260x220",260,NA,NA,NA,176,87,19,15,20.4,89,"351",NA
"180","NA","Brazil","FMM629","Male","N1","263x249",263,249,NA,NA,159,86,16,7,16.1,73,"NA",NA
"181","MVZ:Mamm:236347","New York","DL139","Female","N1","49x60",49,60,NA,NA,161,81,19,14.5,19,80,"144",NA
"182","NA","New York","MJS100","Female","N1","83x80",83,NA,NA,"7",156,72,18,18,16,84,"NA",NA
"183","NA","New York","MJS111","Female","N1","92x91",92,91,NA,"7",170,82,18,15,20,88,"NA",NA
"184","NA","New York","MJS114","Female","N1","9x11",9,11,NA,"15",173,85,19,15,21,88,"NA",NA
"185","NA","New York","MJS115","Female","N1","9x11",9,11,NA,"17",176,80,20,16,22,96,"NA",NA
"186","NA","New York","MJS116","Female","N1","19x13",19,13,NA,"21",165,79,18,14,14.5,86,"NA",NA
"187","NA","New York","MJS117","Female","N1","19x13",19,13,NA,"23",169,80,18,14,20.1,89,"NA",NA
"188","NA","New York","MJS118","Female","N1","19x13",19,13,NA,"25",165,75,17,14,18.5,90,"NA",NA
"189","NA","New York","MJS121","Female","N1","44x42",44,NA,NA,"5",173,81,19,14,19.1,92,"NA",NA
"190","NA","New York","MJS125","Female","N1","92x91",92,91,NA,"7",164,80,17,15,21,84,"NA",NA
"191","NA","New York","MJS126","Female","N1","92x91",92,91,NA,"9",183,82,20,17,23,101,"NA",NA
"192","NA","New York","MJS127","Female","N1","92x91",92,91,NA,"11",165,73,18,14,19.2,92,"NA",NA
"193","NA","New York","MJS128","Female","N1","105x104",105,104,NA,"1",168,80,17,12,18.5,88,"NA",NA
"194","NA","New York","MJS131","Female","N1","92x91",92,91,NA,"17",160,80,18,16,18.4,80,"NA",NA
"195","NA","New York","MJS132","Female","N1","9x11",9,11,NA,"17",165,78,15,11,20.5,87,"NA",NA
"196","NA","New York","MJS134","Female","N1","9x11",9,11,NA,"19",162,75,15,12,21.3,87,"NA",NA
"197","NA","New York","MJS135","Female","N1","44x42",44,NA,NA,"13.1",160,78,17,12,20.6,82,"NA",NA
"198","NA","New York","MJS136","Female","N1","44x42",44,NA,NA,"13.3",165,81,16,11,19,84,"NA",NA
"199","MVZ:Mamm:236490","New York","MJS137","Female","N1","9x11",9,11,NA,"9",181,87,20,16,24,94,"327",NA
"200","MVZ:Mamm:236491","New York","MJS139","Female","N1","44x42",44,NA,NA,"9",175,83,19,15,19.4,92,"406",NA
"201","MVZ:Mamm:236492","New York","MJS141","Female","N1","44x42",44,NA,NA,"11",190,84,20,16,18.8,106,"410",NA
"202","MVZ:Mamm:236493","New York","MJS142","Female","N1","44x42",44,NA,NA,"7",177,83,20,15,20.1,94,"406",NA
"203","NA","New York","MJS147","Female","N1","83x80",83,NA,NA,"1",169,79,18,14,16.4,90,"404",NA
"204","NA","New York","MJS148","Female","N1","83x80",83,NA,NA,"9",165,74,19,16,17.8,91,"404",NA
"205","NA","New York","MJS150","Female","N1","9x11",9,11,NA,"5",177,82,18,15,24,95,"332",NA
"206","MVZ:Mamm:236601","New York","MJS154","Female","N1","66x67",66,67,NA,"7",166,79,19,15,22.2,87,"165",NA
"207","MVZ:Mamm:236602","New York","MJS155","Female","N1","66x67",66,67,NA,"9",172,80,19,15,20.6,92,"165",NA
"208","NA","New York","MJS163","Female","N1","92x91",92,91,NA,"1",170,81,19,15,25.6,89,"502",NA
"209","NA","New York","MJS164","Female","N1","66x67",66,67,NA,"1",163,75,19,15,18.3,88,"440",NA
"210","MVZ:Mamm:236604","New York","MJS165","Female","N1","84x89",84,89,NA,"7",148,76,18,14,15.2,72,"211",NA
"211","MVZ:Mamm:236605","New York","MJS166","Female","N1","84x89",84,89,NA,"11",167,82,20,15,18.3,85,"211",NA
"212","MVZ:Mamm:236607","New York","MJS168","Female","N1","84x89",84,89,NA,"1",163,77,17,15,22,86,"261",NA
"213","MVZ:Mamm:236609","New York","MJS170","Female","N1","84x89",84,89,NA,NA,165,77,17,14,19.3,88,"440",NA
"214","MVZ:Mamm:236610","New York","MJS171","Female","N1","84x89",84,89,NA,NA,187,86,20,15,23.9,101,"440",NA
"215","MVZ:Mamm:236611","New York","MJS172","Female","N1","84x89",84,89,NA,NA,182,84,19,15,17.9,98,"440",NA
"216","MVZ:Mamm:236612","New York","MJS173","Female","N1","84x89",84,89,NA,NA,183,84,20,15,19.8,99,"440",NA
"217","MVZ:Mamm:236614","New York","MJS175","Female","N1","76x56",76,56,NA,"1",174,84,18,14,20.3,90,"222",NA
"218","MVZ:Mamm:236615","New York","MJS176","Female","N1","82x81",82,81,NA,"3",186,82,20,17,26.5,104,"514",NA
"219","MVZ:Mamm:236617","New York","MJS178","Female","N1","82x81",82,81,NA,"5",195,85,21,16,28.9,110,"452",NA
"220","MVZ:Mamm:236620","New York","MJS181","Female","N1","82x81",82,81,NA,"7",183,80,20,16,28.4,103,"452",NA
"221","MVZ:Mamm:236621","New York","MJS182","Female","N1","34x38",34,38,NA,"3",179,80,19,20,21.9,99,"271",NA
"222","MVZ:Mamm:236623","New York","MJS184","Female","N1","34x38",34,38,NA,"1",171,76,18,15,26.5,95,"517",NA
"223","MVZ:Mamm:236625","New York","MJS186","Female","N1","34x38",34,38,NA,"1",172,75,20,15,22.9,97,"271",NA
"224","MVZ:Mamm:236627","New York","MJS188","Female","N1","34x38",34,38,NA,NA,179,75,20,14,24.6,104,"271",NA
"225","MVZ:Mamm:236628","New York","MJS189","Female","N1","19x13",19,13,NA,"1",189,90,19,15,24.4,99,"517",NA
"226","MVZ:Mamm:236629","New York","MJS190","Female","N1","76x56",76,56,NA,"11",172,81,19,15,14.3,91,"273",NA
"227","NA","New York","MJS192","Female","N1","76x56",76,56,NA,NA,158,75,19,15,16.8,83,"273",NA
"228","NA","New York","MJS193","Female","N1","76x56",76,56,NA,NA,160,77,19,15,19.6,83,"273",NA
"229","NA","New York","MJS194","Female","N1","83x80",83,NA,NA,"3",157,75,18,15,13,82,"515",NA
"230","NA","New York","MJS196","Female","N1","76x56",76,56,NA,NA,153,70,19,15,18.6,83,"98",NA
"231","NA","New York","MJS197","Female","N1","76x56",76,56,NA,NA,151,70,18,14,17.6,81,"98",NA
"232","NA","New York","MJS198","Female","N1","76x56",76,56,NA,NA,152,72,19,15,16.9,80,"98",NA
"233","NA","New York","MJS201","Female","N1","76x56",76,56,NA,"3",166,77,18,15,19.5,89,"NA",NA
"234","NA","New York","MJS205","Female","N1","92x91",92,91,NA,"5",185,82,19,15,19.9,103,"530",NA
"235","NA","New York","MJS209","Female","N1","92x91",92,91,NA,"3",187,86,17,16,27.5,101,"530",NA
"236","NA","New York","MJS211","Female","N1","84x89",84,89,NA,"5.0999999999999996",176,85,19,15,22,91,"289",NA
"237","NA","New York","MJS212","Female","N1","66x67",66,67,NA,"5",180,86,20,16,19.7,94,"292",NA
"238","NA","New York","MJS213","Female","N1","66x67",66,67,NA,"3",167,85,16,15,17.5,82,"468",NA
"239","NA","New York","MJS214","Female","N1","9x11",9,11,NA,"7",179,82,19,16,26.5,97,"473",NA
"240","NA","New York","MJS215","Female","N1","84x89",84,89,NA,"9",175,85,17,15,NA,90,"253","pregnant"
"241","NA","New York","MJS216","Female","N1","76x56",76,56,NA,"7",180,81,19,16,19.2,99,"257",NA
"242","MVZ:Mamm:236631","New York","MJS217","Female","N1","76x56",76,56,NA,"5",162,73,17,14,14.4,89,"257",NA
"243","MVZ:Mamm:236634","New York","MJS221","Female","N1","76x56",76,56,NA,"9",162,76,18.5,15,20.2,86,"257",NA
"244","MVZ:Mamm:236635","New York","MJS222","Female","N1","76x56",76,56,NA,"11",166,78,19,15,21.5,88,"257",NA
"245","MVZ:Mamm:236636","New York","MJS223","Female","N1","92x91",92,91,NA,"9",191,85,18,16,NA,106,"308","pregnant"
"246","MVZ:Mamm:236660","New York","MJS224","Female","N1","83x80",83,NA,NA,"9",169,79,18,15,20,90,"472",NA
"247","MVZ:Mamm:236638","New York","MJS321","Female","N1","19x13",19,13,NA,"3",177,85,18,15,21.3,92,"606",NA
"248","MVZ:Mamm:236639","New York","MJS322","Female","N1","34x38",34,38,NA,"3",165,75,18,16,24.9,90,"606",NA
"249","NA","New York","MJS323","Female","N1","84x89",84,89,NA,"3",169,80,18,15,22.4,89,"357",NA
"250","MVZ:Mamm:236640","New York","MJS324","Female","N1","84x89",84,89,NA,"5",157,74,18,14,18.5,83,"307",NA
"251","MVZ:Mamm:236642","New York","MJS326","Female","N1","92x91",92,91,NA,"7",183,83,19,15,29.9,100,"363",NA
"252","MVZ:Mamm:236643","New York","MJS329","Female","N1","19x13",19,13,NA,"5",179,81,19,15,20.6,98,"607",NA
"253","MVZ:Mamm:236651","New York","MJS338","Female","N1","105x104",105,104,NA,NA,190,86,18,13,19.9,104,"565",NA
"254","MVZ:Mamm:236652","New York","MJS339","Female","N1","105x104",105,104,NA,NA,181,85,17,14,19.7,96,"389",NA
"255","MVZ:Mamm:236654","New York","MJS343","Female","N1","105x104",105,104,NA,NA,185,86,18,15,20.9,99,"565",NA
"256","MVZ:Mamm:236656","New York","MJS360","Female","N1","105x104",105,104,NA,NA,186,88,19,15,NA,98,"445","pregnant"
"257","MVZ:Mamm:236349","New York","DL141","Male","N1","9x11",9,11,NA,NA,153,78,19,13,18.7,75,"157",NA
"258","NA","New York","MJS101","Male","N1","82x81",82,81,NA,"8",179,82,18,15,32,97,"NA",NA
"259","NA","New York","MJS102","Male","N1","83x80",83,NA,NA,"8",165,71,18,16,16.7,94,"NA",NA
"260","NA","New York","MJS103","Male","N1","82x81",82,81,NA,"10",185,78,20,18,33.8,107,"NA",NA
"261","NA","New York","MJS104","Male","N1","44x42",44,NA,NA,"10",191,91,21,17,33.2,100,"NA",NA
"262","NA","New York","MJS105","Male","N1","9x11",9,11,NA,"22",165,80,16,15,20.2,85,"NA",NA
"263","NA","New York","MJS106","Male","N1","9x11",9,11,NA,"24",180,85,21,16,25.8,95,"NA",NA
"264","NA","New York","MJS107","Male","N1","44x42",44,NA,NA,"16",187,89,20,18,26.3,98,"NA",NA
"265","NA","New York","MJS108","Male","N1","9x11",9,11,NA,"26",182,85,20,16,18.1,97,"NA",NA
"266","NA","New York","MJS109","Male","N1","44x42",44,NA,NA,"18",176,83,19,18,28.9,93,"NA",NA
"267","NA","New York","MJS110","Male","N1","19x13",19,13,NA,"8",170,82,18,14,24.2,88,"NA",NA
"268","NA","New York","MJS112","Male","N1","34x38",34,38,NA,"8",177,82,20,15,23,95,"NA",NA
"269","NA","New York","MJS113","Male","N1","34x38",34,38,NA,"12",173,83,19,16,23,90,"NA",NA
"270","NA","New York","MJS119","Male","N1","9x11",9,11,NA,"20",179,83,19,15,29,96,"NA",NA
"271","NA","New York","MJS120","Male","N1","44x42",44,NA,NA,"8",201,96,19,15,28,105,"NA",NA
"272","NA","New York","MJS122","Male","N1","49x60",49,60,NA,"20",165,75,17,14,27.8,90,"NA",NA
"273","NA","New York","MJS123","Male","N1","19x13",19,13,NA,"10",183,87,17,16,29,96,"NA",NA
"274","NA","New York","MJS124","Male","N1","92x91",92,91,NA,"14",175,83,20,18,20,92,"NA",NA
"275","NA","New York","MJS129","Male","N1","92x91",92,91,NA,"8",178,85,19,16,20.8,93,"NA",NA
"276","NA","New York","MJS130","Male","N1","92x91",92,91,NA,"6",191,87,20,18,30.7,104,"NA",NA
"277","MVZ:Mamm:236489","New York","MJS133","Male","N1","9x11",9,11,NA,"16",180,80,20,16,28.2,100,"293",NA
"278","NA","New York","MJS138","Male","N1","44x42",44,NA,NA,"4",190,92,19,15,36.2,98,"NA",NA
"279","NA","New York","MJS140","Male","N1","44x42",44,NA,NA,"6",198,87,21,15,31.9,111,"NA",NA
"280","NA","New York","MJS149","Male","N1","83x80",83,NA,NA,"2",168,75,16,14,17.6,93,"404",NA
"281","NA","New York","MJS151","Male","N1","9x11",9,11,NA,"18",197,85,21,16,27.6,112,"379",NA
"282","NA","New York","MJS152","Male","N1","9x11",9,11,NA,"14",173,83,19,16,20.4,90,"298",NA
"283","MVZ:Mamm:236600","New York","MJS153","Male","N1","66x67",66,67,NA,"10",170,82,15,20,23.5,88,"165",NA
"284","MVZ:Mamm:236603","New York","MJS156","Male","N1","66x67",66,67,NA,"6",182,85,19,15,33.3,97,"341",NA
"285","NA","New York","MJS160","Male","N1","66x67",66,67,NA,"2",173,84,19,15,26.3,89,"440",NA
"286","NA","New York","MJS161","Male","N1","66x67",66,67,NA,"4",174,83,19,15,21.7,91,"440",NA
"287","MVZ:Mamm:236606","New York","MJS167","Male","N1","84x89",84,89,NA,"4",162,80,18,15,21.1,82,"261",NA
"288","MVZ:Mamm:236608","New York","MJS169","Male","N1","84x89",84,89,NA,"2",180,87,19,15,21.8,93,"261",NA
"289","MVZ:Mamm:236613","New York","MJS174","Male","N1","76x56",76,56,NA,"2",173,82,19,14,22.5,91,"222",NA
"290","MVZ:Mamm:236616","New York","MJS177","Male","N1","82x81",82,81,NA,"4",181,82,19,17,27.7,99,"509",NA
"291","MVZ:Mamm:236618","New York","MJS179","Male","N1","82x81",82,81,NA,"6",195,89,NA,16,34.2,106,"452",NA
"292","MVZ:Mamm:236619","New York","MJS180","Male","N1","82x81",82,81,NA,"2",210,90,22,21,27.9,120,"509",NA
"293","MVZ:Mamm:236622","New York","MJS183","Male","N1","34x38",34,38,NA,"2",185,81,21,19,35.4,104,"451",NA
"294","MVZ:Mamm:236624","New York","MJS185","Male","N1","34x38",34,38,NA,"4",170,80,18,19,25.6,90,"451",NA
"295","MVZ:Mamm:236626","New York","MJS187","Male","N1","34x38",34,38,NA,NA,172,80,19,16,27.4,92,"451",NA
"296","MVZ:Mamm:236630","New York","MJS191","Male","N1","76x56",76,56,NA,"6",171,80,18,14,21.8,91,"146",NA
"297","NA","New York","MJS195","Male","N1","76x56",76,56,NA,NA,167,78,19,14,21.4,89,"98",NA
"298","NA","New York","MJS202","Male","N1","76x56",76,56,NA,"4",169,77,20,15,19.3,92,"NA",NA
"299","NA","New York","MJS204","Male","N1","105x104",105,104,NA,"2",180,91,20,14.5,28.6,89,"461",NA
"300","NA","New York","MJS206","Male","N1","92x91",92,91,NA,"4",207,88,20,17,37.9,119,"530",NA
"301","NA","New York","MJS207","Male","N1","92x91",92,91,NA,"2",207,94,20,16,32.2,113,"530",NA
"302","NA","New York","MJS208","Male","N1","66x67",66,67,NA,"8",179,89,19,15,22.5,90,"292",NA
"303","NA","New York","MJS210","Male","N1","84x89",84,89,NA,"6",173,83,20,15,24.7,90,"239",NA
"304","MVZ:Mamm:236632","New York","MJS219","Male","N1","92x91",92,91,NA,"10",186,87,18,16,25.1,99,"308",NA
"305","MVZ:Mamm:236633","New York","MJS220","Male","N1","84x89",84,89,NA,"8",178,83,20,15,22.8,95,"253",NA
"306","MVZ:Mamm:236641","New York","MJS325","Male","N1","92x91",92,91,NA,"12",175,83,18,15,26.4,92,"362",NA
"307","MVZ:Mamm:236644","New York","MJS330","Male","N1","19x13",19,13,NA,"6",193,90,17,15,20.7,103,"539",NA
"308","MVZ:Mamm:236645","New York","MJS331","Male","N1","83x80",83,NA,NA,"10",173,80,18,15,20.8,93,"527",NA
"309","MVZ:Mamm:236647","New York","MJS333","Male","N1","83x80",83,NA,NA,"4",179,79,17,14,18.3,100,"600",NA
"310","MVZ:Mamm:236648","New York","MJS334","Male","N1","19x13",19,13,NA,"4",184,87,19,15,24.6,97,"604",NA
"311","MVZ:Mamm:236649","New York","MJS335","Male","N1","76x56",76,56,NA,"4",194,87,18,15,29.6,107,"231",NA
"312","MVZ:Mamm:236650","New York","MJS336","Male","N1","19x13",19,13,NA,"2",172,81,18,14,19,91,"604",NA
"313","MVZ:Mamm:236653","New York","MJS342","Male","N1","105x104",105,104,NA,NA,192,87,17,14,36.2,105,"565",NA
"314","MVZ:Mamm:236655","New York","MJS358","Male","N1","105x104",105,104,NA,NA,203,93,19,15,23.1,110,"445",NA
"315","NA","Brazil","FMM370","Female","N2","261x239",261,239,NA,"A7",162,82,16,14,14.6,80,"247",NA
"316","NA","Brazil","FMM371","Female","N2","261x239",261,239,"9x6","3",160,84,16,14,14.1,76,"247",NA
"317","NA","Brazil","FMM373","Female","N2","254x215",254,215,NA,"B1",166,76,16,15,16.8,90,"293",NA
"318","MVZ:Mamm:236575","Brazil","FMM377","Female","N2","221x215",221,215,NA,"B1",172,80,17,14,13.7,92,"300",NA
"319","NA","Brazil","FMM378","Female","N2","224x225",224,225,NA,"B1",170,85,16,14,15.5,85,"261",NA
"320","NA","Brazil","FMM383","Female","N2","261x239",261,239,NA,"B3",164,82,16,14,15.7,82,"298",NA
"321","NA","Brazil","FMM389","Female","N2","221x215",221,215,NA,"A5",137,NA,19,14,15.7,137,"194",NA
"322","NA","Brazil","FMM390","Female","N2","224x225",224,225,NA,"A1",171,81,19,14,15.1,90,"348",NA
"323","NA","Brazil","FMM391","Female","N2","224x225",224,225,NA,"A3",166,88,18,14,15.7,78,"348",NA
"324","NA","Brazil","FMM392","Female","N2","224x225",224,225,NA,"A5",173,86,18,14,14.3,87,"348",NA
"325","NA","Brazil","FMM394","Female","N2","224x225",224,225,NA,"B3",173,85,14,17.5,16.47,88,"315",NA
"326","NA","Brazil","FMM395","Female","N2","224x225",224,225,NA,"B5",166,94,18,14,14.9,72,"315",NA
"327","NA","Brazil","FMM402","Female","N2","261x239",261,239,NA,"A3",159,82,17.5,13,10,77,"353",NA
"328","NA","Brazil","FMM404","Female","N2","261x239",261,239,"9x6","1-B7",168,81,18,14,12.7,87,"308",NA
"329","NA","Brazil","FMM406","Female","N2","263x249",263,249,"3x2","A1",161,81,17,14.5,12,80,"308",NA
"330","NA","Brazil","FMM407","Female","N2","263x249",263,249,"3x2","A3",165,87,18,14,13,78,"308",NA
"331","NA","Brazil","FMM408","Female","N2","263x249",263,249,"3x2","A5",169,78,16,14,14.1,91,"308",NA
"332","NA","Brazil","FMM409","Female","N2","263x249",263,249,"3x2","A7",172,87,18,14,14.7,85,"308",NA
"333","NA","Brazil","FMM411","Female","N2","254x215",254,215,NA,"C1",175,85,19,14,15.1,90,"315",NA
"334","NA","Brazil","FMM421","Female","N2","222x254",254,222,"A1xA2","A1",181,80,16,14,16.9,101,"191",NA
"335","NA","Brazil","FMM423","Female","N2","222x254",254,222,"B5xB4","B5",183,81,17,14,18.8,102,"NA",NA
"336","NA","Brazil","FMM428","Female","N2","228x238",238,228,NA,"B1",160,87,17,14,15.9,73,"191",NA
"337","NA","Brazil","FMM433","Female","N2","222x254",254,222,NA,NA,183,81,17,14,18.8,102,"222",NA
"338","NA","Brazil","FMM437","Female","N2","255x193",255,193,NA,"A1",185,86,17,16,16.8,99,"275",NA
"339","NA","Brazil","FMM440","Female","N2","224x225",224,225,NA,"A1",171,82,19,14,16.2,89,"282",NA
"340","NA","Brazil","FMM442","Female","N2","261x239",261,239,NA,"B5",175,87,18,14,23.3,88,"359",NA
"341","NA","Brazil","FMM443","Female","N2","209x208",209,208,NA,"A1",165,83,19,14,15,82,"357",NA
"342","NA","Brazil","FMM444","Female","N2","263x249",263,249,NA,"A1",189,94,16,14,13.8,95,"403",NA
"343","NA","Brazil","FMM446","Female","N2","192x252",192,252,NA,NA,176,85,16,14,18.5,91,"200",NA
"344","NA","Brazil","FMM453","Female","N2","222x254",254,222,"A1xA2","A5",181,93,15,14,20.2,88,"147",NA
"345","NA","Brazil","FMM455","Female","N2","263x249",263,249,"B5xB4","B3",174,90,18,15,15.7,84,"110",NA
"346","NA","Brazil","FMM458","Female","N2","228x238",238,228,"A1xA2","A1",162,78,18,13,14.8,84,"183",NA
"347","NA","Brazil","FMM478","Female","N2","224x225",224,225,NA,"A7",176,85,19,14,19.4,91,"386",NA
"348","NA","Brazil","FMM480","Female","N2","261x239",261,239,NA,"A1",160,81,17,13,15.4,79,"508",NA
"349","NA","Brazil","FMM525","Female","N2","202x246",202,246,"B3xB4","B3",160,80,18,14,16.5,80,"279",NA
"350","NA","Brazil","FMM534","Female","N2","250x247",250,247,"A11xA4","A3",169,82,18,13,15.6,87,"180",NA
"351","NA","Brazil","FMM538","Female","N2","260x220",260,NA,"A3xA4","A1",169,76,16,13,18.8,93,"222",NA
"352","NA","Brazil","FMM542","Female","N2","250x247",250,247,"A11xA4","A1",168,81,18,13,16.8,87,"194",NA
"353","NA","Brazil",NA,"Female","N2",NA,NA,NA,NA,NA,172,83,18,14,14.3,89,"348",NA
"354","NA","Brazil","FMM343","Male","N2","261x239",261,239,NA,NA,161,84,16,12,17.28,77,"NA",NA
"355","NA","Brazil","FMM344","Male","N2","261x239",261,239,NA,NA,159,84,17,11,14.98,75,"NA",NA
"356","NA","Brazil","FMM356","Male","N2","261x239",261,239,NA,"B14",161.1,84,15,11.5,19.9,77.1,"NA",NA
"357","NA","Brazil","FMM374","Male","N2","261x239",261,239,NA,"A8",182,88,17,14,19.7,94,"292",NA
"358","NA","Brazil","FMM382","Male","N2","261x239",261,239,NA,"B4",179,84,18,14,15.2,95,"254",NA
"359","NA","Brazil","FMM385","Male","N2","209x208",209,208,NA,"A2",170,86,18,14,14.3,84,"306",NA
"360","NA","Brazil","FMM386","Male","N2","254x215",254,215,NA,"C2",176,89,19,14,17.9,87,"NA",NA
"361","NA","Brazil","FMM387","Male","N2","221x215",221,215,"1x2","A2",127,45,18,14,22.6,82,"308",NA
"362","NA","Brazil","FMM388","Male","N2","221x215",221,215,"1x2","A4",185,90,20,15,32.3,95,"308",NA
"363","NA","Brazil","FMM393","Male","N2","224x225",224,225,NA,"B2",176,95,19,15,15.8,81,"315",NA
"364","NA","Brazil","FMM396","Male","N2","254x215",254,215,NA,"B2",162,82,18,14,20.2,80,"308",NA
"365","NA","Brazil","FMM398","Male","N2","228x238",238,228,NA,"B6",173,83,17,13,14.3,90,"64",NA
"366","NA","Brazil","FMM398","Male","N2","254x215",254,215,NA,"C4",185,96,20,15,22.1,89,"315",NA
"367","MVZ:Mamm:236584","Brazil","FMM405","Male","N2","261x239",261,239,NA,"B8",165,83,17,13,13.3,82,"308",NA
"368","NA","Brazil","FMM410","Male","N2","263x249",263,249,"3x2","A2",134,NA,18,NA,15.2,134,"353",NA
"369","NA","Brazil","FMM424","Male","N2","222x254",254,222,NA,"A2",181,87,18,14,17.9,94,"191",NA
"370","NA","Brazil","FMM426","Male","N2","228x238",238,228,NA,"B2",160,77,17,14,15.8,83,"191",NA
"371","NA","Brazil","FMM429","Male","N2","221x215",221,215,"1x2","A2",162,79,18,15,18.5,83,"194",NA
"372","NA","Brazil","FMM430","Male","N2","221x215",221,215,NA,"B2",159,81,19,13,15.9,78,"308",NA
"373","NA","Brazil","FMM434","Male","N2","255x193",255,193,NA,"A8",165,80,20,15,15.8,85,"275",NA
"374","NA","Brazil","FMM439","Male","N2","261x239",261,239,NA,"B6",179,87,18,15,31.7,92,"359",NA
"375","NA","Brazil","FMM445","Male","N2","209x208",209,208,"A7xA2","A2",183,92,17,13,15.6,91,"240",NA
"376","NA","Brazil","FMM447","Male","N2","192x252",192,252,NA,NA,180,84,17,14,15.5,96,"200",NA
"377","NA","Brazil","FMM452","Male","N2","228x238",238,228,"A1xA2","A2",172,82,16,14,15.1,90,"183",NA
"378","NA","Brazil","FMM454","Male","N2","222x254",254,222,"A1xA2","A6",183,88,17,14,21.3,95,"147",NA
"379","NA","Brazil","FMM456","Male","N2","263x249",263,249,"B5xB4","B6",172,84,19,14,17.2,88,"110",NA
"380","NA","Brazil","FMM468","Male","N2","224x225",224,225,NA,"A4",177,85,19,14,27.4,92,"365",NA
"381","NA","Brazil","FMM481","Male","N2","261x239",261,239,NA,"A2",179,91,19,14,19.4,88,"508",NA
"382","NA","Brazil","FMM531","Male","N2","250x247",250,247,"A11xA4","A2",172,82,18,14,18.2,90,"180",NA
"383","NA","Brazil","FMM543","Male","N2","260x220",260,NA,"A3xA4","A2",178,82,19,14,24.4,96,"222",NA
"384","NA","Brazil","FMM630","Male","N2","224x225",224,225,"A3xA2","A2",157,75,18,13,15.3,82,"872",NA
"385","NA","New York","MJS157","Female","N2","66x67",66,67,"3x4?","A3",165,82,19,14,17.3,83,"245",NA
"386","NA","New York","MJS159","Female","N2","66x67",66,67,"3x4","3x4-1",164,78,18,14,15.5,86,"135",NA
"387","NA","New York","MJS218","Female","N2","92x91",92,91,"B","B1",182,86,18,15,29.4,96,"303",NA
"388","NA","New York","MJS225","Female","N2","9x11",9,11,"C","C3",176,75,19,14,20.3,101,"NA",NA
"389","NA","New York","MJS226","Female","N2","82x81",82,81,NA,"11",179,80,19,20,21.8,99,"184",NA
"390","NA","New York","MJS228","Female","N2","92x91",92,91,NA,"A3",182,86,19,16,21,96,"256",NA
"391","NA","New York","MJS231","Female","N2","34x38",34,38,"C1xC6","C9",165,76,19,14,18.6,89,"135",NA
"392","NA","New York","MJS231","Female","N2","19x13",19,13,NA,"B7",169,81,20,15,17.9,88,"361",NA
"393","NA","New York","MJS232","Female","N2","82x81",82,81,"A1xA2","A1",166,75,16,15,18.9,91,"320",NA
"394","NA","New York","MJS232","Female","N2","19x13",19,13,NA,"B9",164,78,20,15,17.1,86,"361",NA
"395","NA","New York","MJS233","Female","N2","84x89",84,89,"A","A3",169,73,19,14,NA,96,"134",NA
"396","NA","New York","MJS235","Female","N2","44x42",44,NA,"A","A1",176,88,20,14,26.4,88,"314",NA
"397","NA","New York","MJS236","Female","N2","9x11",9,11,"A","A3",155,70,18,13,18.3,85,"234",NA
"398","NA","New York","MJS236","Female","N2","19x13",19,13,NA,"B3",175,79,19,18,20.5,96,"279",NA
"399","NA","New York","MJS238","Female","N2","34x38",34,38,NA,NA,167,84,19,14,18.1,83,"280",NA
"400","NA","New York","MJS238","Female","N2","83x80",83,NA,"2x1","A?",162,80,17,15,24.1,82,"293",NA
"401","NA","New York","MJS239","Female","N2","34x38",34,38,NA,"A1",185,82,19,15,26.9,103,"277",NA
"402","NA","New York","MJS239","Female","N2","34x38",34,38,NA,NA,170,85,18.5,14,15.7,85,"281",NA
"403","NA","New York","MJS240","Female","N2","34x38",34,38,NA,"A2",169,78,19,15,17.7,91,"281",NA
"404","NA","New York","MJS241","Female","N2","34x38",34,38,NA,"B3",179,87,20,15,21.4,92,"281",NA
"405","NA","New York","MJS243","Female","N2","44x42",44,NA,NA,"C5",181,88,20,15,19.2,93,"358",NA
"406","NA","New York","MJS247","Female","N2","19x13",19,13,"B3xB4","B11",173,85,19.5,15,22.1,88,"362",NA
"407","NA","New York","MJS307","Female","N2","82x81",82,81,"B3xB4","B1",164,76,19,15,20,88,"359",NA
"408","NA","New York","MJS311","Female","N2","92x91",92,91,"9x10","1",168,79,20,16,NA,89,"145",NA
"409","NA","New York","MJS314","Female","N2","84x89",84,89,"A","A1",165,75,20,15,19.7,90,"181",NA
"410","NA","New York","MJS328","Female","N2","76x56",76,56,"A1xA2","A1",166,82,19,15,21.6,84,"207",NA
"411","MVZ:Mamm:236646","New York","MJS332","Female","N2","19x13",19,13,"B","B1",171,80,19,15,17.3,91,"280",NA
"412","NA","New York","MJS337","Female","N2","66x67",66,67,"C","C1",170,82,19,14,17.8,88,"198",NA
"413","NA","New York","MJS344","Female","N2","19x13",19,13,"5x6",NA,180,81,17,14,17.6,99,"261",NA
"414","NA","New York","MJS347","Female","N2","76x56",76,56,"C6xC11","C2",170,77,19,14,NA,93,"183",NA
"415","NA","New York","MJS362","Female","N2","84x89",84,89,NA,"B1",186,80,18,15,22.6,106,"242",NA
"416","NA","New York","MJS377","Female","N2","84x89",84,89,NA,"5",174,80,19,14,24.1,94,"205",NA
"417","NA","New York","MJS440","Female","N2","83x80",83,NA,"B9xB10","B5",164,77,18,14,18.8,87,"347",NA
"418","NA","New York","MJS143","Male","N2","9x11",9,11,"5x8","5x8-10",161,74,18,12.5,17,87,"NA",NA
"419","NA","New York","MJS144","Male","N2","9x11",9,11,"5x8","5x8-12",168,74,19,13,17.6,94,"NA",NA
"420","NA","New York","MJS145","Male","N2","9x11",9,11,"5x8","5x8-14",160,75,18.5,13,16.6,85,"NA",NA
"421","NA","New York","MJS146","Male","N2","9x11",9,11,"5x8","5x8-16",176,74,18,13,19.3,102,"NA",NA
"422","NA","New York","MJS158","Male","N2","66x67",66,67,"3x4","3x4-2",166,83,19,15,18.5,83,"135",NA
"423","NA","New York","MJS162","Male","N2","66x67",66,67,NA,"A2",174,84,19,15,27.4,90,"247",NA
"424","NA","New York","MJS203","Male","N2","66x67",66,67,NA,"C2",162,78,19,15,18.1,84,"134",NA
"425","NA","New York","MJS225","Male","N2","82x81",82,81,NA,"C4",176,80,20,14,23.9,96,"184",NA
"426","NA","New York","MJS226","Male","N2","9x11",9,11,NA,"C2",171,75,20,15,24,96,"363",NA
"427","NA","New York","MJS227","Male","N2","9x11",9,11,NA,"A4",160,71,20,15,22.7,89,"281",NA
"428","NA","New York","MJS228","Male","N2","19x13",19,13,NA,"C2",177,83,19,15,21.9,94,"308",NA
"429","NA","New York","MJS229","Male","N2","92x91",92,91,NA,"A2",189,85,20,16,41.2,104,"320",NA
"430","NA","New York","MJS230","Male","N2","34x38",34,38,"C1xC6","C4",162,78,20,14,24.2,84,"135",NA
"431","NA","New York","MJS230","Male","N2","19x13",19,13,NA,"C6",175,89,19,15,21.4,86,"308",NA
"432","NA","New York","MJS234","Male","N2","84x89",84,89,"A","A2",171,77,19,14,21.1,94,"134",NA
"433","NA","New York","MJS234","Male","N2","19x13",19,13,"B3xB4","B2",169,80,19,15,21.9,89,"361",NA
"434","NA","New York","MJS235","Male","N2","19x13",19,13,NA,"B4",172,84,19,15,21.6,88,"279",NA
"435","NA","New York","MJS237","Male","N2","83x80",83,NA,NA,"A8",165,80,19,15,22.7,85,"293",NA
"436","NA","New York","MJS237","Male","N2","34x38",34,38,NA,NA,175,86,19,15,21.6,89,"308",NA
"437","NA","New York","MJS240","Male","N2","34x38",34,38,NA,"A2",180,79,18,15,29.1,101,"300",NA
"438","MVZ:Mamm:236637","New York","MJS242","Male","N2","34x38",34,38,NA,"B4",168,80,19,15,20.5,88,"280",NA
"439","NA","New York","MJS244","Male","N2","44x42",44,NA,NA,"C4",181,90,19,15,20.8,91,"358",NA
"440","NA","New York","MJS245","Male","N2","82x81",82,81,"B3xB4","B6",185,89,20,15,25.6,96,"359",NA
"441","NA","New York","MJS246","Male","N2","82x81",82,81,NA,NA,185,87,20,14,29.9,98,"359",NA
"442","NA","New York","MJS248","Male","N2","92x91",92,91,"9x10","4",161,70,18,15,21.5,91,"145",NA
"443","NA","New York","MJS250","Male","N2","92x91",92,91,"9x10","8",184,83,19,14,27.4,101,"146",NA
"444","NA","New York","MJS306","Male","N2","82x81",82,81,"B3xB4","B4",172,78,20,15,29.5,94,"359",NA
"445","NA","New York","MJS310","Male","N2","92x91",92,91,"9x10","2",171,80,20,16,20.8,91,"145",NA
"446","NA","New York","MJS327","Male","N2","76x56",76,56,"A1xA2","A2",172,83,19,14,21.5,89,"207",NA
"447","NA","New York","MJS345","Male","N2","19x13",19,13,"C5xC6","A8",177,85,17,15,16.6,92,"261",NA
"448","NA","New York","MJS346","Male","N2","76x56",76,56,"C6xC11","C1",176,84,19,15,27.8,92,"183",NA
"449","NA","New York","MJS355","Male","N2","84x89",84,89,NA,"B2",168,76,18,14,25,92,"242",NA
"450","NA","New York","MJS379","Male","N2","84x89",84,89,"D8xD9","D4",190,86,18,15,19.4,104,"205",NA
"451","NA","New York","MJS441","Male","N2","83x80",83,NA,"B9xB10","B4",167,78,18,15,20.6,89,"347",NA
"452","NA","Brazil","FMM423","Female","N3","254x215",254,215,"B1xB2","B5",164,73,15,14,20.5,91,"190","pregnant"
"453","NA","Brazil","FMM427","Female","N3","209x208",209,208,"A1xA2","A1",169,80,17,14,17,89,"194",NA
"454","NA","Brazil","FMM436","Female","N3","255x193",255,193,NA,NA,174,85,16,15,13.4,89,"241",NA
"455","NA","Brazil","FMM451","Female","N3","228x238",238,228,"B1xB2","B1",173,79,16,14,15.1,94,"174",NA
"456","NA","Brazil","FMM462","Female","N3","228x238",238,228,"A1xA2","A1",157,74,18,13,16.6,83,"147",NA
"457","NA","Brazil","FMM463","Female","N3","224x225",224,225,"XxB2","B3",168,83,17,15,28.5,85,"229",NA
"458","NA","Brazil","FMM465","Female","N3","263x249",263,249,"A1xA2","A7",165,83,18,13,14.6,82,"229",NA
"459","NA","Brazil","FMM466","Female","N3","221x215",221,215,"B1xB2","B1",163,78,18,14,16.8,85,"327",NA
"460","NA","Brazil","FMM471","Female","N3","261x239",261,239,"B5xB6","B3",170,80,18,15,26.4,90,"283",NA
"461","NA","Brazil","FMM479","Female","N3","261x239",261,239,"B5xB6","B1",166,84,18,14,17.6,82,"304",NA
"462","NA","Brazil","FMM483","Female","N3","263x249",263,249,"A1xA2","A13",163,81,16,14,13.7,82,"317",NA
"463","NA","Brazil","FMM492","Female","N3","222x254",254,222,"A5xA6","A1",166,85,18,13,25.8,81,"152","pregnant"
"464","NA","Brazil","FMM518","Female","N3","221x215",221,215,NA,NA,155,69,18,14,16.8,86,"316",NA
"465","NA","Brazil","FMM519","Female","N3","222x254",254,222,"A1xA2","A7",170,79,18,14,17.5,91,"258",NA
"466","NA","Brazil","FMM521","Female","N3","222x254",254,222,"A1xA2","A5",172,81,18,14,21.3,91,"265",NA
"467","NA","Brazil","FMM532","Female","N3","224x225",224,225,"A1xA2","A1",174,83,15,13,17.1,91,"405",NA
"468","NA","Brazil","FMM600","Female","N3","255x193",255,193,"A1xA8","A9",189,90,18.5,15,17.6,99,"383",NA
"469","NA","Brazil","FMM603","Female","N3","260x220",260,220,"A1xA2","A9",171,87,17,13,21.7,84,"179",NA
"470","NA","Brazil","FMM609","Female","N3","255x193",255,193,"A1xA8","A1",189,91,18.5,16,20,98,"576",NA
"471","NA","Brazil","FMM612","Female","N3","250x247",250,247,"A3xA2","A3",165,82,17,12,17.9,83,"252",NA
"472","NA","Brazil","FMM657","Female","N3","202x246",202,246,"B3xB6","B5",170,81,18,14,21.1,89,"691","pregnant"
"473","NA","Brazil","FMM372","Male","N3","254x215",254,215,NA,NA,149,71,15,14,11,78,"129",NA
"474","NA","Brazil","FMM389","Male","N3","221x215",221,215,NA,NA,163,78,17,14,16,85,"57",NA
"475","NA","Brazil","FMM395","Male","N3","221x215",221,215,NA,NA,166,76,19,14,16.4,90,"57",NA
"476","NA","Brazil","FMM422","Male","N3","254x215",254,215,"B1xB2","B8",175,81,16,13,15.9,94,"190",NA
"477","NA","Brazil","FMM425","Male","N3","209x208",209,208,"A1xA2","A2",173,94,19,14,16.7,79,"194",NA
"478","NA","Brazil","FMM435","Male","N3","255x193",255,193,NA,NA,171,81,18,15,19.5,90,"241",NA
"479","NA","Brazil","FMM457","Male","N3","228x238",238,228,"B1xB2","B2",170,81,18,14,15,89,"174",NA
"480","NA","Brazil","FMM461","Male","N3","228x238",238,228,"A1xA2","A2",161,80,19,14,19.7,81,"140",NA
"481","NA","Brazil","FMM467","Male","N3","221x215",221,215,"B1xB2","B2",162,72,18,14,18.8,90,"327",NA
"482","NA","Brazil","FMM469","Male","N3","261x239",261,239,"B5xB6","B2",175,85,19,14,26.2,90,"283",NA
"483","NA","Brazil","FMM470","Male","N3","261x239",261,239,NA,NA,167,85,17,13,15.5,82,"280",NA
"484","NA","Brazil","FMM472","Male","N3","224x225",224,225,"XxB2","B4",193,99,19,15,18.3,94,"229",NA
"485","NA","Brazil","FMM482","Male","N3","263x249",263,249,"A1xA2","A2",172,84,18,14,20.1,88,"257",NA
"486","NA","Brazil","FMM494","Male","N3","222x254",254,222,"A5xA6","A2",175,89,19,14,19.3,86,"152",NA
"487","NA","Brazil","FMM496","Male","N3","221x215",NA,NA,NA,NA,160,80,19,13,17.8,80,"274",NA
"488","NA","Brazil","FMM523","Male","N3","222x254",254,222,"A1xA2","A4",176,83,19,14,28.1,93,"265",NA
"489","NA","Brazil","FMM524","Male","N3","224x225",224,225,"A1xA2","A2",177,84,18,15,23.7,93,"377",NA
"490","NA","Brazil","FMM604","Male","N3","260x220",260,220,"A1xA2","A8",175,80,17,14,22.8,95,"179",NA
"491","NA","Brazil","FMM610","Male","N3","255x193",255,193,"A1xA8","A8",187,94,19,16,21.7,93,"425",NA
"492","NA","Brazil","FMM611","Male","N3","250x247",250,247,"A3xA2","A4",166,80,17,11,13.8,86,"252",NA
"493","NA","Brazil","FMM658","Male","N3","202x246",202,246,"B3xB6","B4",170,81,18,15,16.5,89,"691",NA
"494","NA","Brazil","GPH029","Male","N3","250x247",250,247,"A1xA2","A4",177,85,17,15,16.5,92,"276",NA
"495","NA","New York","MJS300","Female","N3","66x67",66,67,"B1xB2","B1",174,84,18,16,24.4,90,"165","pregnant"
"496","NA","New York","MJS303","Female","N3","92x91",92,91,"A3xA2","A4",168,83,18,14,24.3,85,"193","pregnant"
"497","NA","New York","MJS312","Female","N3","34x38",34,38,"A1xA2","A1",162,76.5,19,15,18.7,85.5,"208",NA
"498","NA","New York","MJS315","Female","N3","34x38",34,38,"B3xB4","B1",164,76,18,14,19.2,88,"206",NA
"499","NA","New York","MJS319","Female","N3","9x11",9,11,"A3xA4","A1",165,72,19,15,25.6,93,"199",NA
"500","NA","New York","MJS320","Female","N3","9x11",9,11,"C3xC2","C5",165,75,19,14,19.4,90,"206",NA
"501","NA","New York","MJS341","Female","N3","82x81",82,81,"C11xC4","C5",175,80,19,14,19.3,95,"198",NA
"502","NA","New York","MJS353","Female","N3","44x42",44,42,"A1xA2","A5",197,86,19,14,27.3,111,"284",NA
"503","NA","New York","MJS357","Female","N3","82x81",82,81,NA,NA,152,NA,18,14,20,89,"292","damaged tail"
"504","NA","New York","MJS359","Female","N3","34x38",34,38,"C9xC4","C1",171,74,16,14,29.2,97,"202","pregnant"
"505","NA","New York","MJS364","Female","N3","92x91",92,91,"B1xB?","B5",192,85,18,15,27.8,107,"259","pregnant"
"506","NA","New York","MJS370","Female","N3","76x56",76,56,"A1xA2","A1",188,88,19,15,23.6,100,"209","pregnant"
"507","NA","New York","MJS371","Female","N3","83x80",83,80,"A?xA8","A1",189,80,18,14,19.7,109,"274",NA
"508","NA","New York","MJS393","Female","N3","84x89",84,89,"A1xA2","A1",179,80,20,14,23.9,99,"244",NA
"509","NA","New York","MJS405","Female","N3","76x56",76,56,"C1xC2","C3",169,71,19,15,28.9,98,"209","pregnant"
"510","NA","New York","MJS409","Female","N3","84x89",84,89,"A1xA2","A5",168,75,19,14,20.5,93,"258",NA
"511","NA","New York","MJS527","Female","N3","19x13",19,13,"B1xB4","B1",202,97,19,15,21.1,105,"NA",NA
"512","NA","New York","MJS542","Female","N3","19x13",19,13,NA,NA,192,89,19,15,26.2,103,"570",NA
"513","NA","New York","MJS545","Female","N3","19x13",19,13,NA,NA,193,85,18,14,23.3,108,"526",NA
"514","NA","New York","MJS227","Male","N3","34x38",34,38,"B3xB4","B2",173,89,17,14,27,84,"159",NA
"515","NA","New York","MJS301","Male","N3","66x67",66,67,"B1xB2","B2",168,85,18,15,18.2,83,"165",NA
"516","NA","New York","MJS302","Male","N3","92x91",92,91,"A3xA2","A5",173,93,19,15,22.9,80,"193",NA
"517","NA","New York","MJS313","Male","N3","34x38",34,38,"A1xA2","A2",178,83,19,14,39.6,95,"208",NA
"518","NA","New York","MJS318","Male","N3","9x11",9,11,"A3xA4","A2",157,73,19,14,19.7,84,"199",NA
"519","NA","New York","MJS340","Male","N3","82x81",82,81,"C11xC4","C4",172,79,19,13,19.7,93,"198",NA
"520","NA","New York","MJS352","Male","N3","44x42",44,42,"A1xA2","A4",200,91,20,14,21.7,109,"284",NA
"521","NA","New York","MJS354","Male","N3","34x38",34,38,"C9xC4","C2",163,74,18,14,20.2,89,"202",NA
"522","NA","New York","MJS365","Male","N3","92x91",92,91,"B1xB?","B4",199,82,18,16,20.5,117,"259",NA
"523","NA","New York","MJS367","Male","N3","44x42",44,42,"C5xC4","C2",196,90,19,14,20.7,106,"311",NA
"524","NA","New York","MJS369","Male","N3","76x56",76,56,"A1xA2","A2",191,87,18,15,21.5,104,"209",NA
"525","NA","New York","MJS375","Male","N3","83x80",83,80,"A?xA8","A2",169,77,19,14,18.2,92,"274",NA
"526","NA","New York","MJS395","Male","N3","84x89",84,89,"A1xA2","A2",165,75,19,14,20.4,90,"244",NA
"527","NA","New York","MJS406","Male","N3","76x56",76,56,"C1xC2","C4",178,81,19,15,26.8,97,"209",NA
"528","NA","New York","MJS514","Male","N3","19x13",19,13,"B1xB4","B2",190,89,19,15,23.4,101,"NA",NA
"529","NA","New York","MJS407","Male","N3","84x89",84,89,"A1xA2","A4",173,78,19,15,22.3,95,"258",NA
"530","NA","New York","MJS541","Male","N3","19x13",19,13,NA,NA,205,95,20,15,26.8,110,"526",NA
"531","NA","New York","MJS543","Male","N3","19x13",19,13,NA,NA,203,98,19,15,25.3,105,"570",NA
"532","NA","New York","MJS544","Male","N3","19x13",19,13,NA,NA,193,90,19,15,24.3,103,"526",NA
"533","NA","Brazil","FMM484","Female","N4","208x209",208,209,NA,NA,169,81,18,14,17.9,88,"219",NA
"534","NA","Brazil","FMM514","Female","N4","228x238",228,238,NA,NA,170,82,18,14,17.3,88,"191",NA
"535","NA","Brazil","FMM515","Female","N4","261x239",261,239,NA,NA,167,81,18,15,20.5,86,"194",NA
"536","NA","Brazil","FMM526","Female","N4","254x215",254,215,NA,NA,162,74,18,13,19.2,88,"334","pregnant"
"537","NA","Brazil","FMM529","Female","N4","222x254",254,222,NA,NA,169,83,18,15,16.5,86,"109",NA
"538","NA","Brazil","FMM530","Female","N4","255x193",255,193,NA,NA,162,79,18,14,15.3,83,"247",NA
"539","NA","Brazil","FMM535","Female","N4","222x254",254,222,NA,NA,149,72,15,15,17.4,77,"162",NA
"540","NA","Brazil","FMM537","Female","N4","255x193",255,193,NA,NA,163,79,18,14,14.6,84,"371",NA
"541","NA","Brazil","FMM539","Female","N4","221x215",221,215,NA,NA,160,74,19,14,18.9,86,"226",NA
"542","NA","Brazil","FMM555","Female","N4","224x225",224,225,NA,NA,171,83,18,14,16.6,88,"204",NA
"543","NA","Brazil","FMM557","Female","N4","222x254",254,222,NA,NA,173,81,18,14,23.1,92,"197",NA
"544","NA","Brazil","FMM558","Female","N4","222x254",254,222,NA,NA,186,86,16,13,26.5,100,"172",NA
"545","NA","Brazil","FMM561","Female","N4","224x225",224,225,NA,NA,172,80,11,13,19.8,92,"583",NA
"546","NA","Brazil","FMM573","Female","N4","263x249",263,249,NA,NA,170,93,15,14,20.5,77,"229",NA
"547","NA","Brazil","FMM592","Female","N4","255x193",255,193,NA,NA,181,88,18,15,18.3,93,"343",NA
"548","NA","Brazil","FMM599","Female","N4","255x193",255,193,NA,NA,188,94,18,15,25.8,94,"355","pregnant"
"549","NA","Brazil","FMM636","Female","N4","250x247",250,247,NA,NA,177,86,17,14,16.7,91,"266",NA
"550","NA","Brazil","FMM648","Female","N4","260x220",260,220,NA,NA,178,76,17,15,23.1,102,"349",NA
"551","NA","Brazil","FMM485","Male","N4","208x209",208,209,NA,NA,189,87,18,15,16.7,102,"219",NA
"552","NA","Brazil","FMM497","Male","N4","228x238",228,238,NA,NA,157,75,18,14,15.9,82,"149",NA
"553","NA","Brazil","FMM513","Male","N4","255x193",255,193,NA,NA,174,85,18,15,18.9,89,"322",NA
"554","NA","Brazil","FMM516","Male","N4","261x239",261,239,NA,NA,172,85,18,14,22.7,87,"194",NA
"555","NA","Brazil","FMM517","Male","N4","255x193",255,193,NA,NA,173,84,18,14,17.4,89,"212",NA
"556","NA","Brazil","FMM522","Male","N4","222x254",254,222,NA,NA,168,78,19,14,27.9,90,"180",NA
"557","NA","Brazil","FMM527","Male","N4","254x215",254,215,NA,NA,158,72,18,14,18.5,86,"334",NA
"558","NA","Brazil","FMM528","Male","N4","222x254",254,222,NA,NA,170,82,18,15,16.9,88,"109",NA
"559","NA","Brazil","FMM536","Male","N4","221x215",221,215,NA,NA,154,73,18,12,20.5,81,"226",NA
"560","NA","Brazil","FMM554","Male","N4","222x254",254,222,NA,NA,181,89,17,13,19.9,92,"172",NA
"561","NA","Brazil","FMM556","Male","N4","224x225",224,225,NA,NA,184,90,17,12,21.2,94,"183",NA
"562","NA","Brazil","FMM575","Male","N4","263x249",263,249,NA,NA,172,90,16,10,18.2,82,"229",NA
"563","NA","Brazil","FMM595","Male","N4","255x193",255,193,NA,NA,175,87,18,15.5,16.9,88,"343",NA
"564","NA","Brazil","FMM598","Male","N4","255x193",255,193,NA,NA,178,91,18,16,17.9,87,"355",NA
"565","NA","Brazil","FMM634","Male","N4","250x247",250,247,NA,NA,164,83,16,13,12.2,81,"287",NA
"566","NA","Brazil","FMM647","Male","N4","260x220",260,220,NA,NA,177,83,17,14,29.9,94,"327",NA
"567","NA","Brazil","GPH032","Male","N4","221x215",221,215,NA,NA,170,82,17,14,16,88,"264",NA
"568","NA","New York","MJS305","Female","N4","92x91",92,91,NA,NA,166,77,17,15,24.6,89,"126",NA
"569","NA","New York","MJS309","Female","N4","34x38",34,38,NA,NA,165,82,18,15,25.7,83,"124","pregnant"
"570","NA","New York","MJS317","Female","N4","9x11",9,11,NA,NA,158,77,18,13,22.4,81,"111",NA
"571","NA","New York","MJS348","Female","N4","9x11",9,11,NA,NA,154,50,20,14,24.6,104,"171","pregnant"
"572","NA","New York","MJS351","Female","N4","66x67",66,67,NA,NA,189,87,18,14,18.3,102,"105",NA
"573","NA","New York","MJS368","Female","N4","83x80",83,80,NA,NA,178,78,18,14,18.1,100,"133","pregnant"
"574","NA","New York","MJS372","Female","N4","44x42",44,42,NA,NA,180,85,21,14,27.6,95,"156",NA
"575","NA","New York","MJS380","Female","N4","66x67",66,67,NA,NA,175,85,19,14,19.1,90,"181",NA
"576","NA","New York","MJS449","Female","N4","82x81",82,81,NA,NA,183,82,19,14,35.8,101,"325",NA
"577","NA","New York","MJS452","Female","N4","76x56",76,56,NA,NA,179,79,17,13,24.3,100,"232",NA
"578","NA","New York","MJS455","Female","N4","92x91",92,91,NA,NA,177,80,16,13,25,97,"321",NA
"579","NA","New York","MJS480","Female","N4","76x56",76,56,NA,NA,166,75,18,13,18.5,91,"216",NA
"580","NA","New York","MJS496","Female","N4","19x13",19,13,NA,NA,173,86,19,13,22.1,87,"263",NA
"581","NA","New York","MJS509","Female","N4","19x13",19,13,NA,NA,178,82,20,14,23.7,96,"335",NA
"582","NA","New York","MJS512","Female","N4","19x13",19,13,NA,NA,178,85,19,15,21.1,93,"293",NA
"583","NA","New York","MJS513","Female","N4","19x13",19,13,NA,NA,194,88,19,15,24.7,106,"340",NA
"584","NA","New York","MJS304","Male","N4","92x91",92,91,NA,NA,170,84,19,15,24.5,86,"126",NA
"585","NA","New York","MJS308","Male","N4","34x38",34,38,NA,NA,166,82,19,15,23.1,84,"124",NA
"586","NA","New York","MJS316","Male","N4","9x11",9,11,NA,NA,163,80,18,13,18.3,83,"111",NA
"587","NA","New York","MJS349","Male","N4","9x11",9,11,NA,NA,179,81,19,15,21.1,98,"171",NA
"588","NA","New York","MJS350","Male","N4","66x67",66,67,NA,NA,176,77,18,13,18.5,99,"105",NA
"589","NA","New York","MJS361","Male","N4","66x67",66,67,NA,NA,170,80,17,15,16.7,90,"161",NA
"590","NA","New York","MJS373","Male","N4","44x42",44,42,NA,NA,187,88,21,14,33.9,99,"156",NA
"591","NA","New York","MJS374","Male","N4","83x80",83,80,NA,NA,163,78,19,14,17.2,85,"133",NA
"592","NA","New York","MJS443","Male","N4","82x81",82,81,NA,NA,181,76,20,15,30,105,"311",NA
"593","NA","New York","MJS448","Male","N4","92x91",92,91,NA,NA,173,89,20,14,27.9,84,"321",NA
"594","NA","New York","MJS454","Male","N4","76x56",76,56,NA,NA,180,82,17,11,26.1,98,"232",NA
"595","NA","New York","MJS478","Male","N4","76x56",76,56,NA,NA,170,76,18,14,20.9,94,"216",NA
"596","NA","New York","MJS494","Male","N4","84x89",84,89,NA,NA,176,75,12,13,19.2,101,"208",NA
"597","NA","New York","MJS495","Male","N4","19x13",19,13,NA,NA,206.5,90,19,15,23.8,116.5,"287",NA
"598","NA","New York","MJS507","Male","N4","19x13",19,13,NA,NA,184,86,20,NA,22.4,98,"359","damaged ear"
"599","NA","New York","MJS508","Male","N4","19x13",19,13,NA,NA,164,80,20,14.5,21.2,84,"335",NA
"600","NA","New York","MJS511","Male","N4","19x13",19,13,NA,NA,184,84,19,15,24.4,100,"340",NA
