"","Age_days","Age_weeks","Age_category","Population","Generation","Line","Mouse_ID","Sex","Environment","Body_Weight_g","Tail_Length_mm","PopEnv"
"1",21,3,"weaning","Brazil","N11","MANA","193x255_BZ1","Female","Cold",5.81,60,"Brazil - Cold"
"2",21,3,"weaning","Brazil","N11","MANA","193x255_BZ2","Male","Warm",4.62,54,"Brazil - Warm"
"3",21,3,"weaning","Brazil","N11","MANA","193x255_BZ4","Male","Warm",5.88,60,"Brazil - Warm"
"4",21,3,"weaning","Brazil","N11","MANA","193x255_BZ6","Male","Cold",6.06,62,"Brazil - Cold"
"5",25,3.571428571,"startexp","Brazil","N11","MANA","193x255_BZ1","Female","Cold",7.16,63,"Brazil - Cold"
"6",25,3.571428571,"startexp","Brazil","N11","MANA","193x255_BZ2","Male","Warm",5.57,55.5,"Brazil - Warm"
"7",25,3.571428571,"startexp","Brazil","N11","MANA","193x255_BZ4","Male","Warm",6.79,63.5,"Brazil - Warm"
"8",25,3.571428571,"startexp","Brazil","N11","MANA","193x255_BZ6","Male","Cold",7.58,64.5,"Brazil - Cold"
"9",32,4.571428571,"na","Brazil","N11","MANA","193x255_BZ1","Female","Cold",8.55,64.5,"Brazil - Cold"
"10",32,4.571428571,"na","Brazil","N11","MANA","193x255_BZ2","Male","Warm",8.46,62.5,"Brazil - Warm"
"11",32,4.571428571,"na","Brazil","N11","MANA","193x255_BZ4","Male","Warm",10.12,69,"Brazil - Warm"
"12",32,4.571428571,"na","Brazil","N11","MANA","193x255_BZ6","Male","Cold",9.76,65,"Brazil - Cold"
"13",39,5.571428571,"na","Brazil","N11","MANA","193x255_BZ1","Female","Cold",9.13,65.5,"Brazil - Cold"
"14",39,5.571428571,"na","Brazil","N11","MANA","193x255_BZ2","Male","Warm",9.21,67,"Brazil - Warm"
"15",39,5.571428571,"na","Brazil","N11","MANA","193x255_BZ4","Male","Warm",12.2,73.5,"Brazil - Warm"
"16",39,5.571428571,"na","Brazil","N11","MANA","193x255_BZ6","Male","Cold",10.74,66.5,"Brazil - Cold"
"17",46,6.571428571,"na","Brazil","N11","MANA","193x255_BZ1","Female","Cold",10.11,67.5,"Brazil - Cold"
"18",46,6.571428571,"na","Brazil","N11","MANA","193x255_BZ2","Male","Warm",9.02,70.5,"Brazil - Warm"
"19",46,6.571428571,"na","Brazil","N11","MANA","193x255_BZ4","Male","Warm",12.97,77.5,"Brazil - Warm"
"20",46,6.571428571,"na","Brazil","N11","MANA","193x255_BZ6","Male","Cold",11.58,71,"Brazil - Cold"
"21",54,7.714285714,"na","Brazil","N11","MANA","193x255_BZ1","Female","Cold",10.9,70,"Brazil - Cold"
"22",54,7.714285714,"na","Brazil","N11","MANA","193x255_BZ2","Male","Warm",9.78,74,"Brazil - Warm"
"23",54,7.714285714,"na","Brazil","N11","MANA","193x255_BZ4","Male","Warm",13.5,79,"Brazil - Warm"
"24",54,7.714285714,"na","Brazil","N11","MANA","193x255_BZ6","Male","Cold",11.69,71.5,"Brazil - Cold"
"25",61,8.714285714,"na","Brazil","N11","MANA","193x255_BZ1","Female","Cold",10.96,71,"Brazil - Cold"
"26",61,8.714285714,"na","Brazil","N11","MANA","193x255_BZ2","Male","Warm",10.16,74,"Brazil - Warm"
"27",61,8.714285714,"na","Brazil","N11","MANA","193x255_BZ4","Male","Warm",13.93,82.5,"Brazil - Warm"
"28",61,8.714285714,"na","Brazil","N11","MANA","193x255_BZ6","Male","Cold",11.95,73,"Brazil - Cold"
"29",68,9.714285714,"na","Brazil","N11","MANA","193x255_BZ1","Female","Cold",10.92,72,"Brazil - Cold"
"30",68,9.714285714,"na","Brazil","N11","MANA","193x255_BZ2","Male","Warm",10.18,76,"Brazil - Warm"
"31",68,9.714285714,"na","Brazil","N11","MANA","193x255_BZ4","Male","Warm",14.36,83,"Brazil - Warm"
"32",68,9.714285714,"na","Brazil","N11","MANA","193x255_BZ6","Male","Cold",11.98,73,"Brazil - Cold"
"33",74,10.57142857,"endexp","Brazil","N11","MANA","193x255_BZ1","Female","Cold",10.89,72.5,"Brazil - Cold"
"34",74,10.57142857,"endexp","Brazil","N11","MANA","193x255_BZ2","Male","Warm",10.35,76,"Brazil - Warm"
"35",74,10.57142857,"endexp","Brazil","N11","MANA","193x255_BZ4","Male","Warm",14.42,83,"Brazil - Warm"
"36",74,10.57142857,"endexp","Brazil","N11","MANA","193x255_BZ6","Male","Cold",12.52,73,"Brazil - Cold"
"37",21,3,"weaning","Brazil","N11","MANA","193x255_BZ3","Female","Cold",6,60,"Brazil - Cold"
"38",21,3,"weaning","Brazil","N11","MANA","193x255_BZ5","Female","Warm",5.26,56.5,"Brazil - Warm"
"39",21,3,"weaning","Brazil","N11","MANA","193x255_BZ7","Female","Warm",6.54,62,"Brazil - Warm"
"40",21,3,"weaning","Brazil","N11","MANA","193x255_BZ8","Male","Cold",6.42,61.5,"Brazil - Cold"
"41",21,3,"weaning","Brazil","N11","MANA","193x255_BZ9","Female","Warm",6.44,61.5,"Brazil - Warm"
"42",24,3.428571429,"startexp","Brazil","N11","MANA","193x255_BZ3","Female","Cold",6.51,63,"Brazil - Cold"
"43",24,3.428571429,"startexp","Brazil","N11","MANA","193x255_BZ5","Female","Warm",5.82,59.5,"Brazil - Warm"
"44",24,3.428571429,"startexp","Brazil","N11","MANA","193x255_BZ7","Female","Warm",7.18,65,"Brazil - Warm"
"45",24,3.428571429,"startexp","Brazil","N11","MANA","193x255_BZ8","Male","Cold",7.02,65.5,"Brazil - Cold"
"46",24,3.428571429,"startexp","Brazil","N11","MANA","193x255_BZ9","Female","Warm",6.67,64,"Brazil - Warm"
"47",32,4.571428571,"na","Brazil","N11","MANA","193x255_BZ3","Female","Cold",8.31,65,"Brazil - Cold"
"48",32,4.571428571,"na","Brazil","N11","MANA","193x255_BZ5","Female","Warm",7.22,61.5,"Brazil - Warm"
"49",32,4.571428571,"na","Brazil","N11","MANA","193x255_BZ7","Female","Warm",9.7,71.5,"Brazil - Warm"
"50",32,4.571428571,"na","Brazil","N11","MANA","193x255_BZ8","Male","Cold",9.66,67,"Brazil - Cold"
"51",32,4.571428571,"na","Brazil","N11","MANA","193x255_BZ9","Female","Warm",9.46,70.5,"Brazil - Warm"
"52",40,5.714285714,"na","Brazil","N11","MANA","193x255_BZ3","Female","Cold",9.65,67.5,"Brazil - Cold"
"53",40,5.714285714,"na","Brazil","N11","MANA","193x255_BZ5","Female","Warm",8.21,66.5,"Brazil - Warm"
"54",40,5.714285714,"na","Brazil","N11","MANA","193x255_BZ7","Female","Warm",11.33,76.5,"Brazil - Warm"
"55",40,5.714285714,"na","Brazil","N11","MANA","193x255_BZ8","Male","Cold",11.28,70.5,"Brazil - Cold"
"56",40,5.714285714,"na","Brazil","N11","MANA","193x255_BZ9","Female","Warm",10.81,75.5,"Brazil - Warm"
"57",46,6.571428571,"na","Brazil","N11","MANA","193x255_BZ3","Female","Cold",10.13,68.5,"Brazil - Cold"
"58",46,6.571428571,"na","Brazil","N11","MANA","193x255_BZ5","Female","Warm",8.64,69,"Brazil - Warm"
"59",46,6.571428571,"na","Brazil","N11","MANA","193x255_BZ7","Female","Warm",11.56,77,"Brazil - Warm"
"60",46,6.571428571,"na","Brazil","N11","MANA","193x255_BZ8","Male","Cold",11.78,71,"Brazil - Cold"
"61",46,6.571428571,"na","Brazil","N11","MANA","193x255_BZ9","Female","Warm",10.84,76,"Brazil - Warm"
"62",54,7.714285714,"na","Brazil","N11","MANA","193x255_BZ3","Female","Cold",10.51,69.5,"Brazil - Cold"
"63",54,7.714285714,"na","Brazil","N11","MANA","193x255_BZ5","Female","Warm",9.57,71,"Brazil - Warm"
"64",54,7.714285714,"na","Brazil","N11","MANA","193x255_BZ7","Female","Warm",12.28,79.5,"Brazil - Warm"
"65",54,7.714285714,"na","Brazil","N11","MANA","193x255_BZ8","Male","Cold",11.82,73,"Brazil - Cold"
"66",54,7.714285714,"na","Brazil","N11","MANA","193x255_BZ9","Female","Warm",11.2,76,"Brazil - Warm"
"67",60,8.571428571,"na","Brazil","N11","MANA","193x255_BZ3","Female","Cold",10.47,71.5,"Brazil - Cold"
"68",60,8.571428571,"na","Brazil","N11","MANA","193x255_BZ5","Female","Warm",9.26,72,"Brazil - Warm"
"69",60,8.571428571,"na","Brazil","N11","MANA","193x255_BZ7","Female","Warm",11.88,79.5,"Brazil - Warm"
"70",60,8.571428571,"na","Brazil","N11","MANA","193x255_BZ8","Male","Cold",12.27,74,"Brazil - Cold"
"71",60,8.571428571,"na","Brazil","N11","MANA","193x255_BZ9","Female","Warm",11.01,79,"Brazil - Warm"
"72",67,9.571428571,"na","Brazil","N11","MANA","193x255_BZ3","Female","Cold",10.94,72,"Brazil - Cold"
"73",67,9.571428571,"na","Brazil","N11","MANA","193x255_BZ5","Female","Warm",9.69,74.5,"Brazil - Warm"
"74",67,9.571428571,"na","Brazil","N11","MANA","193x255_BZ7","Female","Warm",12.14,80,"Brazil - Warm"
"75",67,9.571428571,"na","Brazil","N11","MANA","193x255_BZ8","Male","Cold",12.52,75.5,"Brazil - Cold"
"76",67,9.571428571,"na","Brazil","N11","MANA","193x255_BZ9","Female","Warm",11.63,79,"Brazil - Warm"
"77",75,10.71428571,"endexp","Brazil","N11","MANA","193x255_BZ3","Female","Cold",10.95,72.5,"Brazil - Cold"
"78",75,10.71428571,"endexp","Brazil","N11","MANA","193x255_BZ5","Female","Warm",9.38,74.5,"Brazil - Warm"
"79",75,10.71428571,"endexp","Brazil","N11","MANA","193x255_BZ7","Female","Warm",12.03,81,"Brazil - Warm"
"80",75,10.71428571,"endexp","Brazil","N11","MANA","193x255_BZ8","Male","Cold",12.92,76,"Brazil - Cold"
"81",75,10.71428571,"endexp","Brazil","N11","MANA","193x255_BZ9","Female","Warm",11.39,79.5,"Brazil - Warm"
"82",21,3,"weaning","Brazil","N11","MANA","193x255_BZ11","Female","Warm",5.92,58,"Brazil - Warm"
"83",25,3.571428571,"startexp","Brazil","N11","MANA","193x255_BZ11","Female","Warm",6.93,61,"Brazil - Warm"
"84",32,4.571428571,"na","Brazil","N11","MANA","193x255_BZ11","Female","Warm",8.56,67.5,"Brazil - Warm"
"85",39,5.571428571,"na","Brazil","N11","MANA","193x255_BZ11","Female","Warm",9.85,71,"Brazil - Warm"
"86",46,6.571428571,"na","Brazil","N11","MANA","193x255_BZ11","Female","Warm",10.12,73.5,"Brazil - Warm"
"87",53,7.571428571,"na","Brazil","N11","MANA","193x255_BZ11","Female","Warm",10.54,76,"Brazil - Warm"
"88",60,8.571428571,"na","Brazil","N11","MANA","193x255_BZ11","Female","Warm",10.75,77,"Brazil - Warm"
"89",67,9.571428571,"na","Brazil","N11","MANA","193x255_BZ11","Female","Warm",10.92,78,"Brazil - Warm"
"90",74,10.57142857,"endexp","Brazil","N11","MANA","193x255_BZ11","Female","Warm",10.71,79.5,"Brazil - Warm"
"91",21,3,"weaning","Brazil","N11","MANA","193x255_BZ10","Male","Warm",5.49,53,"Brazil - Warm"
"92",25,3.571428571,"startexp","Brazil","N11","MANA","193x255_BZ10","Male","Warm",6.91,57,"Brazil - Warm"
"93",32,4.571428571,"na","Brazil","N11","MANA","193x255_BZ10","Male","Warm",9.75,64.5,"Brazil - Warm"
"94",39,5.571428571,"na","Brazil","N11","MANA","193x255_BZ10","Male","Warm",11.11,70,"Brazil - Warm"
"95",46,6.571428571,"na","Brazil","N11","MANA","193x255_BZ10","Male","Warm",11.76,73.5,"Brazil - Warm"
"96",53,7.571428571,"na","Brazil","N11","MANA","193x255_BZ10","Male","Warm",12.32,75.5,"Brazil - Warm"
"97",60,8.571428571,"na","Brazil","N11","MANA","193x255_BZ10","Male","Warm",12.27,77,"Brazil - Warm"
"98",67,9.571428571,"na","Brazil","N11","MANA","193x255_BZ10","Male","Warm",12.56,78.5,"Brazil - Warm"
"99",74,10.57142857,"endexp","Brazil","N11","MANA","193x255_BZ10","Male","Warm",12.78,78.5,"Brazil - Warm"
"100",21,3,"weaning","Brazil","N11","MANA","193x255_BZ12","Male","Cold",5.61,56,"Brazil - Cold"
"101",25,3.571428571,"startexp","Brazil","N11","MANA","193x255_BZ12","Male","Cold",6.91,60,"Brazil - Cold"
"102",32,4.571428571,"na","Brazil","N11","MANA","193x255_BZ12","Male","Cold",8.89,64,"Brazil - Cold"
"103",39,5.571428571,"na","Brazil","N11","MANA","193x255_BZ12","Male","Cold",10.8,67,"Brazil - Cold"
"104",46,6.571428571,"na","Brazil","N11","MANA","193x255_BZ12","Male","Cold",11.41,70,"Brazil - Cold"
"105",53,7.571428571,"na","Brazil","N11","MANA","193x255_BZ12","Male","Cold",11.64,70.5,"Brazil - Cold"
"106",60,8.571428571,"na","Brazil","N11","MANA","193x255_BZ12","Male","Cold",12.08,72.5,"Brazil - Cold"
"107",67,9.571428571,"na","Brazil","N11","MANA","193x255_BZ12","Male","Cold",12.55,73,"Brazil - Cold"
"108",74,10.57142857,"endexp","Brazil","N11","MANA","193x255_BZ12","Male","Cold",13.18,76,"Brazil - Cold"
"109",21,3,"weaning","Brazil","N11","MANA","193x255_BZ14","Male","Warm",5.5,55,"Brazil - Warm"
"110",25,3.571428571,"startexp","Brazil","N11","MANA","193x255_BZ14","Male","Warm",6.21,58.5,"Brazil - Warm"
"111",32,4.571428571,"na","Brazil","N11","MANA","193x255_BZ14","Male","Warm",7.6,64,"Brazil - Warm"
"112",39,5.571428571,"na","Brazil","N11","MANA","193x255_BZ14","Male","Warm",8.96,67,"Brazil - Warm"
"113",46,6.571428571,"na","Brazil","N11","MANA","193x255_BZ14","Male","Warm",9.7,70,"Brazil - Warm"
"114",53,7.571428571,"na","Brazil","N11","MANA","193x255_BZ14","Male","Warm",10.58,75.5,"Brazil - Warm"
"115",60,8.571428571,"na","Brazil","N11","MANA","193x255_BZ14","Male","Warm",10.99,76,"Brazil - Warm"
"116",67,9.571428571,"na","Brazil","N11","MANA","193x255_BZ14","Male","Warm",10.98,76,"Brazil - Warm"
"117",74,10.57142857,"endexp","Brazil","N11","MANA","193x255_BZ14","Male","Warm",10.96,78,"Brazil - Warm"
"118",21,3,"weaning","Brazil","N11","MANA","193x255_BZ13","Male","Cold",5.04,55,"Brazil - Cold"
"119",25,3.571428571,"startexp","Brazil","N11","MANA","193x255_BZ13","Male","Cold",5.85,56.5,"Brazil - Cold"
"120",32,4.571428571,"na","Brazil","N11","MANA","193x255_BZ13","Male","Cold",7.5,59,"Brazil - Cold"
"121",39,5.571428571,"na","Brazil","N11","MANA","193x255_BZ13","Male","Cold",8.98,62,"Brazil - Cold"
"122",46,6.571428571,"na","Brazil","N11","MANA","193x255_BZ13","Male","Cold",9.79,64.5,"Brazil - Cold"
"123",53,7.571428571,"na","Brazil","N11","MANA","193x255_BZ13","Male","Cold",10.26,66.5,"Brazil - Cold"
"124",60,8.571428571,"na","Brazil","N11","MANA","193x255_BZ13","Male","Cold",10.74,68,"Brazil - Cold"
"125",67,9.571428571,"na","Brazil","N11","MANA","193x255_BZ13","Male","Cold",11.26,70,"Brazil - Cold"
"126",74,10.57142857,"endexp","Brazil","N11","MANA","193x255_BZ13","Male","Cold",11.59,70.5,"Brazil - Cold"
"127",21,3,"weaning","Brazil","N12","MANB","222x254_BZ1","Female","Cold",6.01,56,"Brazil - Cold"
"128",21,3,"weaning","Brazil","N12","MANB","222x254_BZ2","Male","Cold",5.96,56,"Brazil - Cold"
"129",21,3,"weaning","Brazil","N12","MANB","222x254_BZ3","Female","Warm",4.82,54.5,"Brazil - Warm"
"130",26,3.714285714,"startexp","Brazil","N12","MANB","222x254_BZ1","Female","Cold",8.28,63,"Brazil - Cold"
"131",26,3.714285714,"startexp","Brazil","N12","MANB","222x254_BZ2","Male","Cold",8.72,65,"Brazil - Cold"
"132",26,3.714285714,"startexp","Brazil","N12","MANB","222x254_BZ3","Female","Warm",7.73,60,"Brazil - Warm"
"133",32,4.571428571,"na","Brazil","N12","MANB","222x254_BZ1","Female","Cold",9.96,65,"Brazil - Cold"
"134",32,4.571428571,"na","Brazil","N12","MANB","222x254_BZ2","Male","Cold",11.35,66,"Brazil - Cold"
"135",32,4.571428571,"na","Brazil","N12","MANB","222x254_BZ3","Female","Warm",9.8,65.5,"Brazil - Warm"
"136",39,5.571428571,"na","Brazil","N12","MANB","222x254_BZ1","Female","Cold",11.23,65,"Brazil - Cold"
"137",39,5.571428571,"na","Brazil","N12","MANB","222x254_BZ2","Male","Cold",13.48,68.5,"Brazil - Cold"
"138",39,5.571428571,"na","Brazil","N12","MANB","222x254_BZ3","Female","Warm",12.27,71.5,"Brazil - Warm"
"139",46,6.571428571,"na","Brazil","N12","MANB","222x254_BZ1","Female","Cold",12.66,66.5,"Brazil - Cold"
"140",46,6.571428571,"na","Brazil","N12","MANB","222x254_BZ2","Male","Cold",13.88,71,"Brazil - Cold"
"141",46,6.571428571,"na","Brazil","N12","MANB","222x254_BZ3","Female","Warm",12.88,74.5,"Brazil - Warm"
"142",53,7.571428571,"na","Brazil","N12","MANB","222x254_BZ1","Female","Cold",12.66,69.5,"Brazil - Cold"
"143",53,7.571428571,"na","Brazil","N12","MANB","222x254_BZ2","Male","Cold",14.4,73,"Brazil - Cold"
"144",53,7.571428571,"na","Brazil","N12","MANB","222x254_BZ3","Female","Warm",13.26,77.5,"Brazil - Warm"
"145",60,8.571428571,"na","Brazil","N12","MANB","222x254_BZ1","Female","Cold",13.34,69.5,"Brazil - Cold"
"146",60,8.571428571,"na","Brazil","N12","MANB","222x254_BZ2","Male","Cold",15.14,73,"Brazil - Cold"
"147",60,8.571428571,"na","Brazil","N12","MANB","222x254_BZ3","Female","Warm",13.16,77.5,"Brazil - Warm"
"148",67,9.571428571,"na","Brazil","N12","MANB","222x254_BZ1","Female","Cold",13.12,69.5,"Brazil - Cold"
"149",67,9.571428571,"na","Brazil","N12","MANB","222x254_BZ2","Male","Cold",15.55,73,"Brazil - Cold"
"150",67,9.571428571,"na","Brazil","N12","MANB","222x254_BZ3","Female","Warm",13.21,77.5,"Brazil - Warm"
"151",74,10.57142857,"na","Brazil","N12","MANB","222x254_BZ1","Female","Cold",13.12,70,"Brazil - Cold"
"152",74,10.57142857,"na","Brazil","N12","MANB","222x254_BZ2","Male","Cold",15.85,75,"Brazil - Cold"
"153",74,10.57142857,"na","Brazil","N12","MANB","222x254_BZ3","Female","Warm",13.23,78,"Brazil - Warm"
"154",77,11,"endexp","Brazil","N12","MANB","222x254_BZ1","Female","Cold",13.49,70,"Brazil - Cold"
"155",77,11,"endexp","Brazil","N12","MANB","222x254_BZ2","Male","Cold",15.81,76,"Brazil - Cold"
"156",77,11,"endexp","Brazil","N12","MANB","222x254_BZ3","Female","Warm",13.48,78,"Brazil - Warm"
"157",25,3.571428571,"startexp","Brazil","N12","MANB","222x254_BZ4","Male","Warm",9.14,66,"Brazil - Warm"
"158",25,3.571428571,"startexp","Brazil","N12","MANB","222x254_BZ5","Female","Warm",8.25,67,"Brazil - Warm"
"159",25,3.571428571,"startexp","Brazil","N12","MANB","222x254_BZ7","Female","Cold",7.3,66.5,"Brazil - Cold"
"160",25,3.571428571,"startexp","Brazil","N12","MANB","222x254_BZ9","Female","Cold",8.16,66.5,"Brazil - Cold"
"161",32,4.571428571,"na","Brazil","N12","MANB","222x254_BZ4","Male","Warm",11.87,70.5,"Brazil - Warm"
"162",32,4.571428571,"na","Brazil","N12","MANB","222x254_BZ5","Female","Warm",9.76,71,"Brazil - Warm"
"163",32,4.571428571,"na","Brazil","N12","MANB","222x254_BZ7","Female","Cold",8.76,66.5,"Brazil - Cold"
"164",32,4.571428571,"na","Brazil","N12","MANB","222x254_BZ9","Female","Cold",9.85,68.5,"Brazil - Cold"
"165",39,5.571428571,"na","Brazil","N12","MANB","222x254_BZ4","Male","Warm",13.05,75,"Brazil - Warm"
"166",39,5.571428571,"na","Brazil","N12","MANB","222x254_BZ5","Female","Warm",11.33,75.5,"Brazil - Warm"
"167",39,5.571428571,"na","Brazil","N12","MANB","222x254_BZ7","Female","Cold",10.17,66.5,"Brazil - Cold"
"168",39,5.571428571,"na","Brazil","N12","MANB","222x254_BZ9","Female","Cold",11.6,72,"Brazil - Cold"
"169",46,6.571428571,"na","Brazil","N12","MANB","222x254_BZ4","Male","Warm",13.83,77.5,"Brazil - Warm"
"170",46,6.571428571,"na","Brazil","N12","MANB","222x254_BZ5","Female","Warm",12.36,78,"Brazil - Warm"
"171",46,6.571428571,"na","Brazil","N12","MANB","222x254_BZ7","Female","Cold",11.7,69.5,"Brazil - Cold"
"172",46,6.571428571,"na","Brazil","N12","MANB","222x254_BZ9","Female","Cold",12.51,73.5,"Brazil - Cold"
"173",53,7.571428571,"na","Brazil","N12","MANB","222x254_BZ4","Male","Warm",14.01,77.5,"Brazil - Warm"
"174",53,7.571428571,"na","Brazil","N12","MANB","222x254_BZ5","Female","Warm",12.37,79.5,"Brazil - Warm"
"175",53,7.571428571,"na","Brazil","N12","MANB","222x254_BZ7","Female","Cold",12.39,70,"Brazil - Cold"
"176",53,7.571428571,"na","Brazil","N12","MANB","222x254_BZ9","Female","Cold",12.69,76,"Brazil - Cold"
"177",60,8.571428571,"na","Brazil","N12","MANB","222x254_BZ4","Male","Warm",14.23,78.5,"Brazil - Warm"
"178",60,8.571428571,"na","Brazil","N12","MANB","222x254_BZ5","Female","Warm",12.66,81.5,"Brazil - Warm"
"179",60,8.571428571,"na","Brazil","N12","MANB","222x254_BZ7","Female","Cold",12.93,70,"Brazil - Cold"
"180",60,8.571428571,"na","Brazil","N12","MANB","222x254_BZ9","Female","Cold",13.25,77,"Brazil - Cold"
"181",67,9.571428571,"na","Brazil","N12","MANB","222x254_BZ4","Male","Warm",14.27,79,"Brazil - Warm"
"182",67,9.571428571,"na","Brazil","N12","MANB","222x254_BZ5","Female","Warm",12.6,81.5,"Brazil - Warm"
"183",67,9.571428571,"na","Brazil","N12","MANB","222x254_BZ7","Female","Cold",12.4,72.5,"Brazil - Cold"
"184",67,9.571428571,"na","Brazil","N12","MANB","222x254_BZ9","Female","Cold",13.19,78,"Brazil - Cold"
"185",76,10.85714286,"na","Brazil","N12","MANB","222x254_BZ4","Male","Warm",14.87,79.5,"Brazil - Warm"
"186",76,10.85714286,"na","Brazil","N12","MANB","222x254_BZ5","Female","Warm",12.76,82,"Brazil - Warm"
"187",76,10.85714286,"na","Brazil","N12","MANB","222x254_BZ7","Female","Cold",12.03,74,"Brazil - Cold"
"188",76,10.85714286,"na","Brazil","N12","MANB","222x254_BZ9","Female","Cold",13.2,78,"Brazil - Cold"
"189",81,11.57142857,"endexp","Brazil","N12","MANB","222x254_BZ4","Male","Warm",14.9,79.5,"Brazil - Warm"
"190",81,11.57142857,"endexp","Brazil","N12","MANB","222x254_BZ5","Female","Warm",13.34,82,"Brazil - Warm"
"191",81,11.57142857,"endexp","Brazil","N12","MANB","222x254_BZ7","Female","Cold",12.36,74,"Brazil - Cold"
"192",81,11.57142857,"endexp","Brazil","N12","MANB","222x254_BZ9","Female","Cold",13.96,78,"Brazil - Cold"
"193",21,3,"weaning","Brazil","N12","MANB","222x254_BZ6","Male","Warm",7.66,62.5,"Brazil - Warm"
"194",21,3,"weaning","Brazil","N12","MANB","222x254_BZ8","Male","Warm",7.02,59.5,"Brazil - Warm"
"195",21,3,"weaning","Brazil","N12","MANB","222x254_BZ10","Male","Cold",8.17,63,"Brazil - Cold"
"196",21,3,"weaning","Brazil","N12","MANB","222x254_BZ11","Female","Warm",6.6,57,"Brazil - Warm"
"197",21,3,"weaning","Brazil","N12","MANB","222x254_BZ13","Female","Cold",7.05,62,"Brazil - Cold"
"198",21,3,"weaning","Brazil","N12","MANB","222x254_BZ15","Female","Cold",6.5,58.5,"Brazil - Cold"
"199",25,3.571428571,"startexp","Brazil","N12","MANB","222x254_BZ6","Male","Warm",9.25,66,"Brazil - Warm"
"200",25,3.571428571,"startexp","Brazil","N12","MANB","222x254_BZ8","Male","Warm",8.89,63.5,"Brazil - Warm"
"201",25,3.571428571,"startexp","Brazil","N12","MANB","222x254_BZ10","Male","Cold",9.5,66.5,"Brazil - Cold"
"202",25,3.571428571,"startexp","Brazil","N12","MANB","222x254_BZ11","Female","Warm",7.93,61,"Brazil - Warm"
"203",25,3.571428571,"startexp","Brazil","N12","MANB","222x254_BZ13","Female","Cold",8.08,63.5,"Brazil - Cold"
"204",25,3.571428571,"startexp","Brazil","N12","MANB","222x254_BZ15","Female","Cold",7.52,61.5,"Brazil - Cold"
"205",32,4.571428571,"na","Brazil","N12","MANB","222x254_BZ6","Male","Warm",11.58,71.5,"Brazil - Warm"
"206",32,4.571428571,"na","Brazil","N12","MANB","222x254_BZ8","Male","Warm",11.28,69,"Brazil - Warm"
"207",32,4.571428571,"na","Brazil","N12","MANB","222x254_BZ10","Male","Cold",12.27,70,"Brazil - Cold"
"208",32,4.571428571,"na","Brazil","N12","MANB","222x254_BZ11","Female","Warm",9.22,66,"Brazil - Warm"
"209",32,4.571428571,"na","Brazil","N12","MANB","222x254_BZ13","Female","Cold",9.92,66,"Brazil - Cold"
"210",32,4.571428571,"na","Brazil","N12","MANB","222x254_BZ15","Female","Cold",10.3,65.5,"Brazil - Cold"
"211",39,5.571428571,"na","Brazil","N12","MANB","222x254_BZ6","Male","Warm",14.01,76.5,"Brazil - Warm"
"212",39,5.571428571,"na","Brazil","N12","MANB","222x254_BZ8","Male","Warm",13,73,"Brazil - Warm"
"213",41,5.857142857,"na","Brazil","N12","MANB","222x254_BZ10","Male","Cold",13.73,74,"Brazil - Cold"
"214",39,5.571428571,"na","Brazil","N12","MANB","222x254_BZ11","Female","Warm",10.65,69.5,"Brazil - Warm"
"215",41,5.857142857,"na","Brazil","N12","MANB","222x254_BZ13","Female","Cold",11.27,68.5,"Brazil - Cold"
"216",41,5.857142857,"na","Brazil","N12","MANB","222x254_BZ15","Female","Cold",12.69,68,"Brazil - Cold"
"217",46,6.571428571,"na","Brazil","N12","MANB","222x254_BZ6","Male","Warm",15.08,78,"Brazil - Warm"
"218",46,6.571428571,"na","Brazil","N12","MANB","222x254_BZ8","Male","Warm",13.3,75,"Brazil - Warm"
"219",46,6.571428571,"na","Brazil","N12","MANB","222x254_BZ10","Male","Cold",13.81,74,"Brazil - Cold"
"220",46,6.571428571,"na","Brazil","N12","MANB","222x254_BZ11","Female","Warm",11.79,69.5,"Brazil - Warm"
"221",46,6.571428571,"na","Brazil","N12","MANB","222x254_BZ13","Female","Cold",12.39,68.5,"Brazil - Cold"
"222",46,6.571428571,"na","Brazil","N12","MANB","222x254_BZ15","Female","Cold",12.7,69.5,"Brazil - Cold"
"223",53,7.571428571,"na","Brazil","N12","MANB","222x254_BZ6","Male","Warm",15.33,79.5,"Brazil - Warm"
"224",53,7.571428571,"na","Brazil","N12","MANB","222x254_BZ8","Male","Warm",13.36,76,"Brazil - Warm"
"225",53,7.571428571,"na","Brazil","N12","MANB","222x254_BZ10","Male","Cold",13.99,74.5,"Brazil - Cold"
"226",53,7.571428571,"na","Brazil","N12","MANB","222x254_BZ11","Female","Warm",12.33,73.5,"Brazil - Warm"
"227",53,7.571428571,"na","Brazil","N12","MANB","222x254_BZ13","Female","Cold",12.26,70.5,"Brazil - Cold"
"228",53,7.571428571,"na","Brazil","N12","MANB","222x254_BZ15","Female","Cold",12.58,71.5,"Brazil - Cold"
"229",61,8.714285714,"na","Brazil","N12","MANB","222x254_BZ6","Male","Warm",15.5,81,"Brazil - Warm"
"230",61,8.714285714,"na","Brazil","N12","MANB","222x254_BZ8","Male","Warm",13.98,76.5,"Brazil - Warm"
"231",61,8.714285714,"na","Brazil","N12","MANB","222x254_BZ10","Male","Cold",14.66,74.5,"Brazil - Cold"
"232",61,8.714285714,"na","Brazil","N12","MANB","222x254_BZ11","Female","Warm",12.27,74,"Brazil - Warm"
"233",61,8.714285714,"na","Brazil","N12","MANB","222x254_BZ13","Female","Cold",12.63,72.5,"Brazil - Cold"
"234",61,8.714285714,"na","Brazil","N12","MANB","222x254_BZ15","Female","Cold",13.15,71.5,"Brazil - Cold"
"235",68,9.714285714,"na","Brazil","N12","MANB","222x254_BZ6","Male","Warm",15.73,81,"Brazil - Warm"
"236",68,9.714285714,"na","Brazil","N12","MANB","222x254_BZ8","Male","Warm",14.03,77,"Brazil - Warm"
"237",68,9.714285714,"na","Brazil","N12","MANB","222x254_BZ10","Male","Cold",14.72,76.5,"Brazil - Cold"
"238",68,9.714285714,"na","Brazil","N12","MANB","222x254_BZ11","Female","Warm",12.13,75,"Brazil - Warm"
"239",68,9.714285714,"na","Brazil","N12","MANB","222x254_BZ13","Female","Cold",12.98,73,"Brazil - Cold"
"240",68,9.714285714,"na","Brazil","N12","MANB","222x254_BZ15","Female","Cold",12.86,71.5,"Brazil - Cold"
"241",76,10.85714286,"endexp","Brazil","N12","MANB","222x254_BZ6","Male","Warm",15.71,81.5,"Brazil - Warm"
"242",76,10.85714286,"endexp","Brazil","N12","MANB","222x254_BZ8","Male","Warm",14.01,77.5,"Brazil - Warm"
"243",76,10.85714286,"endexp","Brazil","N12","MANB","222x254_BZ10","Male","Cold",14.85,78.5,"Brazil - Cold"
"244",76,10.85714286,"endexp","Brazil","N12","MANB","222x254_BZ11","Female","Warm",11.96,75,"Brazil - Warm"
"245",76,10.85714286,"endexp","Brazil","N12","MANB","222x254_BZ13","Female","Cold",13.04,73,"Brazil - Cold"
"246",76,10.85714286,"endexp","Brazil","N12","MANB","222x254_BZ15","Female","Cold",12.76,74,"Brazil - Cold"
"247",20,2.857142857,"weaning","NewYork","N11","SARA","19x13_NY1","Female","Warm",8.7,55.5,"New York - Warm"
"248",20,2.857142857,"weaning","NewYork","N11","SARA","19x13_NY2","Male","Warm",8.18,55,"New York - Warm"
"249",20,2.857142857,"weaning","NewYork","N11","SARA","19x13_NY3","Female","Warm",8.89,56,"New York - Warm"
"250",20,2.857142857,"weaning","NewYork","N11","SARA","19x13_NY4","Male","Cold",8.46,53,"New York - Cold"
"251",20,2.857142857,"weaning","NewYork","N11","SARA","19x13_NY5","Female","Cold",8.5,55.5,"New York - Cold"
"252",25,3.571428571,"startexp","NewYork","N11","SARA","19x13_NY1","Female","Warm",11.66,60,"New York - Warm"
"253",25,3.571428571,"startexp","NewYork","N11","SARA","19x13_NY2","Male","Warm",10.38,61.5,"New York - Warm"
"254",25,3.571428571,"startexp","NewYork","N11","SARA","19x13_NY3","Female","Warm",11.05,60.5,"New York - Warm"
"255",25,3.571428571,"startexp","NewYork","N11","SARA","19x13_NY4","Male","Cold",10.58,57,"New York - Cold"
"256",25,3.571428571,"startexp","NewYork","N11","SARA","19x13_NY5","Female","Cold",11.29,58,"New York - Cold"
"257",32,4.571428571,"na","NewYork","N11","SARA","19x13_NY1","Female","Warm",13.71,66.5,"New York - Warm"
"258",32,4.571428571,"na","NewYork","N11","SARA","19x13_NY2","Male","Warm",13.11,70,"New York - Warm"
"259",32,4.571428571,"na","NewYork","N11","SARA","19x13_NY3","Female","Warm",13.06,65.5,"New York - Warm"
"260",32,4.571428571,"na","NewYork","N11","SARA","19x13_NY4","Male","Cold",12.35,61.5,"New York - Cold"
"261",32,4.571428571,"na","NewYork","N11","SARA","19x13_NY5","Female","Cold",12.34,64,"New York - Cold"
"262",39,5.571428571,"na","NewYork","N11","SARA","19x13_NY1","Female","Warm",14.69,70,"New York - Warm"
"263",39,5.571428571,"na","NewYork","N11","SARA","19x13_NY2","Male","Warm",15.18,73,"New York - Warm"
"264",39,5.571428571,"na","NewYork","N11","SARA","19x13_NY3","Female","Warm",14.52,70,"New York - Warm"
"265",39,5.571428571,"na","NewYork","N11","SARA","19x13_NY4","Male","Cold",14.72,64.5,"New York - Cold"
"266",39,5.571428571,"na","NewYork","N11","SARA","19x13_NY5","Female","Cold",13.06,66,"New York - Cold"
"267",46,6.571428571,"na","NewYork","N11","SARA","19x13_NY1","Female","Warm",13.65,71,"New York - Warm"
"268",46,6.571428571,"na","NewYork","N11","SARA","19x13_NY2","Male","Warm",15.32,74,"New York - Warm"
"269",46,6.571428571,"na","NewYork","N11","SARA","19x13_NY3","Female","Warm",14.83,70,"New York - Warm"
"270",46,6.571428571,"na","NewYork","N11","SARA","19x13_NY4","Male","Cold",15.16,67,"New York - Cold"
"271",46,6.571428571,"na","NewYork","N11","SARA","19x13_NY5","Female","Cold",13.47,66,"New York - Cold"
"272",53,7.571428571,"na","NewYork","N11","SARA","19x13_NY1","Female","Warm",14.18,71.5,"New York - Warm"
"273",53,7.571428571,"na","NewYork","N11","SARA","19x13_NY2","Male","Warm",15.52,75,"New York - Warm"
"274",53,7.571428571,"na","NewYork","N11","SARA","19x13_NY3","Female","Warm",15.27,71,"New York - Warm"
"275",53,7.571428571,"na","NewYork","N11","SARA","19x13_NY4","Male","Cold",15.51,68,"New York - Cold"
"276",53,7.571428571,"na","NewYork","N11","SARA","19x13_NY5","Female","Cold",14.08,67.5,"New York - Cold"
"277",60,8.571428571,"na","NewYork","N11","SARA","19x13_NY1","Female","Warm",14.2,71.5,"New York - Warm"
"278",60,8.571428571,"na","NewYork","N11","SARA","19x13_NY2","Male","Warm",15.26,75.5,"New York - Warm"
"279",60,8.571428571,"na","NewYork","N11","SARA","19x13_NY3","Female","Warm",14.24,71,"New York - Warm"
"280",60,8.571428571,"na","NewYork","N11","SARA","19x13_NY4","Male","Cold",15.28,69.5,"New York - Cold"
"281",60,8.571428571,"na","NewYork","N11","SARA","19x13_NY5","Female","Cold",13.31,69.5,"New York - Cold"
"282",67,9.571428571,"na","NewYork","N11","SARA","19x13_NY1","Female","Warm",14.5,72,"New York - Warm"
"283",67,9.571428571,"na","NewYork","N11","SARA","19x13_NY2","Male","Warm",15.6,75.5,"New York - Warm"
"284",67,9.571428571,"na","NewYork","N11","SARA","19x13_NY3","Female","Warm",14.9,71,"New York - Warm"
"285",67,9.571428571,"na","NewYork","N11","SARA","19x13_NY4","Male","Cold",16.31,70.5,"New York - Cold"
"286",67,9.571428571,"na","NewYork","N11","SARA","19x13_NY5","Female","Cold",13.65,69.5,"New York - Cold"
"287",73,10.42857143,"endexp","NewYork","N11","SARA","19x13_NY1","Female","Warm",12.96,72,"New York - Warm"
"288",73,10.42857143,"endexp","NewYork","N11","SARA","19x13_NY2","Male","Warm",14.52,75.5,"New York - Warm"
"289",73,10.42857143,"endexp","NewYork","N11","SARA","19x13_NY3","Female","Warm",13.13,71,"New York - Warm"
"290",73,10.42857143,"endexp","NewYork","N11","SARA","19x13_NY4","Male","Cold",15.3,70.5,"New York - Cold"
"291",73,10.42857143,"endexp","NewYork","N11","SARA","19x13_NY5","Female","Cold",12.52,69.5,"New York - Cold"
"292",20,2.857142857,"weaning","NewYork","N11","SARA","19x13_NY7","Female","Cold",6.55,48,"New York - Cold"
"293",20,2.857142857,"weaning","NewYork","N11","SARA","19x13_NY6","Male","Cold",6.89,47.5,"New York - Cold"
"294",20,2.857142857,"weaning","NewYork","N11","SARA","19x13_NY8","Male","Warm",5.99,47,"New York - Warm"
"295",25,3.571428571,"startexp","NewYork","N11","SARA","19x13_NY7","Female","Cold",9.52,53,"New York - Cold"
"296",25,3.571428571,"startexp","NewYork","N11","SARA","19x13_NY6","Male","Cold",10.7,55,"New York - Cold"
"297",25,3.571428571,"startexp","NewYork","N11","SARA","19x13_NY8","Male","Warm",8.89,53,"New York - Warm"
"298",32,4.571428571,"na","NewYork","N11","SARA","19x13_NY7","Female","Cold",12.06,57,"New York - Cold"
"299",32,4.571428571,"na","NewYork","N11","SARA","19x13_NY6","Male","Cold",12.95,57.5,"New York - Cold"
"300",32,4.571428571,"na","NewYork","N11","SARA","19x13_NY8","Male","Warm",11.15,57.5,"New York - Warm"
"301",39,5.571428571,"na","NewYork","N11","SARA","19x13_NY7","Female","Cold",13.57,61.5,"New York - Cold"
"302",39,5.571428571,"na","NewYork","N11","SARA","19x13_NY6","Male","Cold",14.97,62.5,"New York - Cold"
"303",39,5.571428571,"na","NewYork","N11","SARA","19x13_NY8","Male","Warm",11.47,63.5,"New York - Warm"
"304",46,6.571428571,"na","NewYork","N11","SARA","19x13_NY7","Female","Cold",15.5,61.5,"New York - Cold"
"305",46,6.571428571,"na","NewYork","N11","SARA","19x13_NY6","Male","Cold",16.7,65.5,"New York - Cold"
"306",46,6.571428571,"na","NewYork","N11","SARA","19x13_NY8","Male","Warm",12.24,65.5,"New York - Warm"
"307",53,7.571428571,"na","NewYork","N11","SARA","19x13_NY7","Female","Cold",16.43,69.5,"New York - Cold"
"308",53,7.571428571,"na","NewYork","N11","SARA","19x13_NY6","Male","Cold",16.84,69,"New York - Cold"
"309",53,7.571428571,"na","NewYork","N11","SARA","19x13_NY8","Male","Warm",12.14,67,"New York - Warm"
"310",60,8.571428571,"na","NewYork","N11","SARA","19x13_NY7","Female","Cold",16.47,71,"New York - Cold"
"311",60,8.571428571,"na","NewYork","N11","SARA","19x13_NY6","Male","Cold",17.86,71.5,"New York - Cold"
"312",60,8.571428571,"na","NewYork","N11","SARA","19x13_NY8","Male","Warm",13.06,69,"New York - Warm"
"313",67,9.571428571,"na","NewYork","N11","SARA","19x13_NY7","Female","Cold",16.7,73,"New York - Cold"
"314",67,9.571428571,"na","NewYork","N11","SARA","19x13_NY6","Male","Cold",18.02,71.5,"New York - Cold"
"315",67,9.571428571,"na","NewYork","N11","SARA","19x13_NY8","Male","Warm",12.85,70.5,"New York - Warm"
"316",73,10.42857143,"endexp","NewYork","N11","SARA","19x13_NY7","Female","Cold",16.76,73,"New York - Cold"
"317",73,10.42857143,"endexp","NewYork","N11","SARA","19x13_NY6","Male","Cold",18.52,71.5,"New York - Cold"
"318",73,10.42857143,"endexp","NewYork","N11","SARA","19x13_NY8","Male","Warm",13,70.5,"New York - Warm"
"319",22,3.142857143,"weaning","NewYork","N11","SARA","19x13_NY9","Female","Warm",9.21,57,"New York - Warm"
"320",22,3.142857143,"weaning","NewYork","N11","SARA","19x13_NY10","Male","Cold",8.48,56.5,"New York - Cold"
"321",22,3.142857143,"weaning","NewYork","N11","SARA","19x13_NY12","Male","Warm",9.52,57,"New York - Warm"
"322",25,3.571428571,"startexp","NewYork","N11","SARA","19x13_NY9","Female","Warm",9.87,60.5,"New York - Warm"
"323",25,3.571428571,"startexp","NewYork","N11","SARA","19x13_NY10","Male","Cold",9.77,59,"New York - Cold"
"324",25,3.571428571,"startexp","NewYork","N11","SARA","19x13_NY12","Male","Warm",10.76,58,"New York - Warm"
"325",32,4.571428571,"na","NewYork","N11","SARA","19x13_NY9","Female","Warm",12.33,62.5,"New York - Warm"
"326",32,4.571428571,"na","NewYork","N11","SARA","19x13_NY10","Male","Cold",12.9,64,"New York - Cold"
"327",32,4.571428571,"na","NewYork","N11","SARA","19x13_NY12","Male","Warm",13.46,66,"New York - Warm"
"328",39,5.571428571,"na","NewYork","N11","SARA","19x13_NY9","Female","Warm",13.76,66.5,"New York - Warm"
"329",39,5.571428571,"na","NewYork","N11","SARA","19x13_NY10","Male","Cold",15.53,67,"New York - Cold"
"330",39,5.571428571,"na","NewYork","N11","SARA","19x13_NY12","Male","Warm",16.53,69,"New York - Warm"
"331",46,6.571428571,"na","NewYork","N11","SARA","19x13_NY9","Female","Warm",14.55,69,"New York - Warm"
"332",46,6.571428571,"na","NewYork","N11","SARA","19x13_NY10","Male","Cold",16.07,70,"New York - Cold"
"333",46,6.571428571,"na","NewYork","N11","SARA","19x13_NY12","Male","Warm",17.27,73,"New York - Warm"
"334",53,7.571428571,"na","NewYork","N11","SARA","19x13_NY9","Female","Warm",15.11,71,"New York - Warm"
"335",53,7.571428571,"na","NewYork","N11","SARA","19x13_NY10","Male","Cold",16.07,71.5,"New York - Cold"
"336",53,7.571428571,"na","NewYork","N11","SARA","19x13_NY12","Male","Warm",18.76,74.5,"New York - Warm"
"337",60,8.571428571,"na","NewYork","N11","SARA","19x13_NY9","Female","Warm",15.13,73.5,"New York - Warm"
"338",60,8.571428571,"na","NewYork","N11","SARA","19x13_NY10","Male","Cold",16.36,72.5,"New York - Cold"
"339",60,8.571428571,"na","NewYork","N11","SARA","19x13_NY12","Male","Warm",18.67,75.5,"New York - Warm"
"340",67,9.571428571,"na","NewYork","N11","SARA","19x13_NY9","Female","Warm",14.97,74,"New York - Warm"
"341",67,9.571428571,"na","NewYork","N11","SARA","19x13_NY10","Male","Cold",16.33,73,"New York - Cold"
"342",67,9.571428571,"na","NewYork","N11","SARA","19x13_NY12","Male","Warm",19.39,76.5,"New York - Warm"
"343",73,10.42857143,"endexp","NewYork","N11","SARA","19x13_NY9","Female","Warm",14.48,74,"New York - Warm"
"344",73,10.42857143,"endexp","NewYork","N11","SARA","19x13_NY10","Male","Cold",17.06,73,"New York - Cold"
"345",73,10.42857143,"endexp","NewYork","N11","SARA","19x13_NY12","Male","Warm",19.11,76.5,"New York - Warm"
"346",21,3,"weaning","NewYork","N12","SARB","82x81_NY1","Female","Cold",11.34,58,"New York - Cold"
"347",21,3,"weaning","NewYork","N12","SARB","82x81_NY2","Male","Warm",10.02,53,"New York - Warm"
"348",21,3,"weaning","NewYork","N12","SARB","82x81_NY4","Male","Cold",9.89,56,"New York - Cold"
"349",21,3,"weaning","NewYork","N12","SARB","82x81_NY6","Male","Cold",10.38,56,"New York - Cold"
"350",21,3,"weaning","NewYork","N12","SARB","82x81_NY8","Male","Warm",10.61,56,"New York - Warm"
"351",21,3,"weaning","NewYork","N12","SARB","82x81_NY10","Male","Warm",10.18,56,"New York - Warm"
"352",25,3.571428571,"startexp","NewYork","N12","SARB","82x81_NY1","Female","Cold",13.63,61,"New York - Cold"
"353",25,3.571428571,"startexp","NewYork","N12","SARB","82x81_NY2","Male","Warm",12.1,62.5,"New York - Warm"
"354",25,3.571428571,"startexp","NewYork","N12","SARB","82x81_NY4","Male","Cold",12.36,61.5,"New York - Cold"
"355",25,3.571428571,"startexp","NewYork","N12","SARB","82x81_NY6","Male","Cold",12.56,63,"New York - Cold"
"356",25,3.571428571,"startexp","NewYork","N12","SARB","82x81_NY8","Male","Warm",12.64,62.5,"New York - Warm"
"357",25,3.571428571,"startexp","NewYork","N12","SARB","82x81_NY10","Male","Warm",13.15,62.5,"New York - Warm"
"358",32,4.571428571,"na","NewYork","N12","SARB","82x81_NY1","Female","Cold",15.61,62,"New York - Cold"
"359",32,4.571428571,"na","NewYork","N12","SARB","82x81_NY2","Male","Warm",17.65,65,"New York - Warm"
"360",32,4.571428571,"na","NewYork","N12","SARB","82x81_NY4","Male","Cold",14.23,62,"New York - Cold"
"361",32,4.571428571,"na","NewYork","N12","SARB","82x81_NY6","Male","Cold",14.47,63,"New York - Cold"
"362",32,4.571428571,"na","NewYork","N12","SARB","82x81_NY8","Male","Warm",17.78,65.5,"New York - Warm"
"363",32,4.571428571,"na","NewYork","N12","SARB","82x81_NY10","Male","Warm",18.54,68,"New York - Warm"
"364",39,5.571428571,"na","NewYork","N12","SARB","82x81_NY1","Female","Cold",17.39,62.5,"New York - Cold"
"365",39,5.571428571,"na","NewYork","N12","SARB","82x81_NY2","Male","Warm",19.36,66,"New York - Warm"
"366",39,5.571428571,"na","NewYork","N12","SARB","82x81_NY4","Male","Cold",16.16,62,"New York - Cold"
"367",39,5.571428571,"na","NewYork","N12","SARB","82x81_NY6","Male","Cold",15.88,64,"New York - Cold"
"368",39,5.571428571,"na","NewYork","N12","SARB","82x81_NY8","Male","Warm",19.86,67,"New York - Warm"
"369",39,5.571428571,"na","NewYork","N12","SARB","82x81_NY10","Male","Warm",19.13,68,"New York - Warm"
"370",46,6.571428571,"na","NewYork","N12","SARB","82x81_NY1","Female","Cold",17.7,63,"New York - Cold"
"371",46,6.571428571,"na","NewYork","N12","SARB","82x81_NY2","Male","Warm",19.33,66,"New York - Warm"
"372",46,6.571428571,"na","NewYork","N12","SARB","82x81_NY4","Male","Cold",16.84,62.5,"New York - Cold"
"373",46,6.571428571,"na","NewYork","N12","SARB","82x81_NY6","Male","Cold",16.66,64.5,"New York - Cold"
"374",46,6.571428571,"na","NewYork","N12","SARB","82x81_NY8","Male","Warm",19.6,69.5,"New York - Warm"
"375",46,6.571428571,"na","NewYork","N12","SARB","82x81_NY10","Male","Warm",18.71,68,"New York - Warm"
"376",53,7.571428571,"na","NewYork","N12","SARB","82x81_NY1","Female","Cold",16.99,64,"New York - Cold"
"377",53,7.571428571,"na","NewYork","N12","SARB","82x81_NY2","Male","Warm",20.35,70,"New York - Warm"
"378",53,7.571428571,"na","NewYork","N12","SARB","82x81_NY4","Male","Cold",17.31,63.5,"New York - Cold"
"379",53,7.571428571,"na","NewYork","N12","SARB","82x81_NY6","Male","Cold",16.58,65,"New York - Cold"
"380",53,7.571428571,"na","NewYork","N12","SARB","82x81_NY8","Male","Warm",19.99,71.5,"New York - Warm"
"381",53,7.571428571,"na","NewYork","N12","SARB","82x81_NY10","Male","Warm",18.83,69,"New York - Warm"
"382",60,8.571428571,"na","NewYork","N12","SARB","82x81_NY1","Female","Cold",17.14,64,"New York - Cold"
"383",60,8.571428571,"na","NewYork","N12","SARB","82x81_NY2","Male","Warm",20.66,70.5,"New York - Warm"
"384",60,8.571428571,"na","NewYork","N12","SARB","82x81_NY4","Male","Cold",17.77,64,"New York - Cold"
"385",60,8.571428571,"na","NewYork","N12","SARB","82x81_NY6","Male","Cold",16.44,65,"New York - Cold"
"386",60,8.571428571,"na","NewYork","N12","SARB","82x81_NY8","Male","Warm",19.55,71.5,"New York - Warm"
"387",60,8.571428571,"na","NewYork","N12","SARB","82x81_NY10","Male","Warm",19.01,70,"New York - Warm"
"388",67,9.571428571,"na","NewYork","N12","SARB","82x81_NY1","Female","Cold",18.02,64.5,"New York - Cold"
"389",67,9.571428571,"na","NewYork","N12","SARB","82x81_NY2","Male","Warm",21.68,71,"New York - Warm"
"390",67,9.571428571,"na","NewYork","N12","SARB","82x81_NY4","Male","Cold",18.23,65.5,"New York - Cold"
"391",67,9.571428571,"na","NewYork","N12","SARB","82x81_NY6","Male","Cold",17.67,66.5,"New York - Cold"
"392",67,9.571428571,"na","NewYork","N12","SARB","82x81_NY8","Male","Warm",20.95,71.5,"New York - Warm"
"393",67,9.571428571,"na","NewYork","N12","SARB","82x81_NY10","Male","Warm",19.7,70.5,"New York - Warm"
"394",74,10.57142857,"na","NewYork","N12","SARB","82x81_NY1","Female","Cold",17.87,64.5,"New York - Cold"
"395",74,10.57142857,"na","NewYork","N12","SARB","82x81_NY2","Male","Warm",21.87,72,"New York - Warm"
"396",74,10.57142857,"na","NewYork","N12","SARB","82x81_NY4","Male","Cold",18.74,65.5,"New York - Cold"
"397",74,10.57142857,"na","NewYork","N12","SARB","82x81_NY6","Male","Cold",17.87,66.5,"New York - Cold"
"398",74,10.57142857,"na","NewYork","N12","SARB","82x81_NY8","Male","Warm",20.86,71.5,"New York - Warm"
"399",74,10.57142857,"na","NewYork","N12","SARB","82x81_NY10","Male","Warm",19.31,70.5,"New York - Warm"
"400",77,11,"endexp","NewYork","N12","SARB","82x81_NY1","Female","Cold",18.1,64.5,"New York - Cold"
"401",77,11,"endexp","NewYork","N12","SARB","82x81_NY2","Male","Warm",21.84,72,"New York - Warm"
"402",77,11,"endexp","NewYork","N12","SARB","82x81_NY4","Male","Cold",18.38,65.5,"New York - Cold"
"403",77,11,"endexp","NewYork","N12","SARB","82x81_NY6","Male","Cold",18.38,66.5,"New York - Cold"
"404",77,11,"endexp","NewYork","N12","SARB","82x81_NY8","Male","Warm",21.35,71.5,"New York - Warm"
"405",77,11,"endexp","NewYork","N12","SARB","82x81_NY10","Male","Warm",19.23,70.5,"New York - Warm"
"406",20,2.857142857,"weaning","NewYork","N12","SARB","82x81_NY3","Female","Warm",10.88,57,"New York - Warm"
"407",20,2.857142857,"weaning","NewYork","N12","SARB","82x81_NY5","Female","Cold",10.87,55,"New York - Cold"
"408",20,2.857142857,"weaning","NewYork","N12","SARB","82x81_NY7","Female","Warm",10.63,55.5,"New York - Warm"
"409",25,3.571428571,"startexp","NewYork","N12","SARB","82x81_NY3","Female","Warm",13.7,61,"New York - Warm"
"410",25,3.571428571,"startexp","NewYork","N12","SARB","82x81_NY5","Female","Cold",12.65,58.5,"New York - Cold"
"411",25,3.571428571,"startexp","NewYork","N12","SARB","82x81_NY7","Female","Warm",13.17,60,"New York - Warm"
"412",32,4.571428571,"na","NewYork","N12","SARB","82x81_NY3","Female","Warm",15.04,65,"New York - Warm"
"413",32,4.571428571,"na","NewYork","N12","SARB","82x81_NY5","Female","Cold",15.13,62,"New York - Cold"
"414",32,4.571428571,"na","NewYork","N12","SARB","82x81_NY7","Female","Warm",14.52,63,"New York - Warm"
"415",39,5.571428571,"na","NewYork","N12","SARB","82x81_NY3","Female","Warm",16.1,66.5,"New York - Warm"
"416",39,5.571428571,"na","NewYork","N12","SARB","82x81_NY5","Female","Cold",16.06,63.5,"New York - Cold"
"417",39,5.571428571,"na","NewYork","N12","SARB","82x81_NY7","Female","Warm",15.16,65,"New York - Warm"
"418",46,6.571428571,"na","NewYork","N12","SARB","82x81_NY3","Female","Warm",16.57,68,"New York - Warm"
"419",46,6.571428571,"na","NewYork","N12","SARB","82x81_NY5","Female","Cold",16.28,65,"New York - Cold"
"420",46,6.571428571,"na","NewYork","N12","SARB","82x81_NY7","Female","Warm",15.31,65,"New York - Warm"
"421",53,7.571428571,"na","NewYork","N12","SARB","82x81_NY3","Female","Warm",16.57,70,"New York - Warm"
"422",53,7.571428571,"na","NewYork","N12","SARB","82x81_NY5","Female","Cold",16.6,66.5,"New York - Cold"
"423",53,7.571428571,"na","NewYork","N12","SARB","82x81_NY7","Female","Warm",15.56,67.5,"New York - Warm"
"424",60,8.571428571,"na","NewYork","N12","SARB","82x81_NY3","Female","Warm",17.09,70.5,"New York - Warm"
"425",60,8.571428571,"na","NewYork","N12","SARB","82x81_NY5","Female","Cold",16.42,67,"New York - Cold"
"426",60,8.571428571,"na","NewYork","N12","SARB","82x81_NY7","Female","Warm",16.96,67.5,"New York - Warm"
"427",68,9.714285714,"na","NewYork","N12","SARB","82x81_NY3","Female","Warm",16.82,71,"New York - Warm"
"428",68,9.714285714,"na","NewYork","N12","SARB","82x81_NY5","Female","Cold",17.1,67,"New York - Cold"
"429",68,9.714285714,"na","NewYork","N12","SARB","82x81_NY7","Female","Warm",15.9,67.5,"New York - Warm"
"430",72,10.28571429,"endexp","NewYork","N12","SARB","82x81_NY3","Female","Warm",17.72,71,"New York - Warm"
"431",72,10.28571429,"endexp","NewYork","N12","SARB","82x81_NY5","Female","Cold",17.8,67,"New York - Cold"
"432",72,10.28571429,"endexp","NewYork","N12","SARB","82x81_NY7","Female","Warm",16.61,67.5,"New York - Warm"
"433",22,3.142857143,"weaning","NewYork","N12","SARB","82x81_NY9","Female","Cold",10.13,56.5,"New York - Cold"
"434",22,3.142857143,"weaning","NewYork","N12","SARB","82x81_NY11","Female","Cold",12.06,60.5,"New York - Cold"
"435",22,3.142857143,"weaning","NewYork","N12","SARB","82x81_NY12","Male","Cold",12.83,62,"New York - Cold"
"436",22,3.142857143,"weaning","NewYork","N12","SARB","82x81_NY13","Female","Warm",11.04,59,"New York - Warm"
"437",22,3.142857143,"weaning","NewYork","N12","SARB","82x81_NY15","Female","Cold",11.56,60.5,"New York - Cold"
"438",22,3.142857143,"weaning","NewYork","N12","SARB","82x81_NY17","Female","Warm",11.59,59,"New York - Warm"
"439",25,3.571428571,"startexp","NewYork","N12","SARB","82x81_NY9","Female","Cold",10.37,57,"New York - Cold"
"440",25,3.571428571,"startexp","NewYork","N12","SARB","82x81_NY11","Female","Cold",13.06,62,"New York - Cold"
"441",25,3.571428571,"startexp","NewYork","N12","SARB","82x81_NY12","Male","Cold",13.68,63.5,"New York - Cold"
"442",25,3.571428571,"startexp","NewYork","N12","SARB","82x81_NY13","Female","Warm",11.56,61,"New York - Warm"
"443",25,3.571428571,"startexp","NewYork","N12","SARB","82x81_NY15","Female","Cold",11.78,62,"New York - Cold"
"444",25,3.571428571,"startexp","NewYork","N12","SARB","82x81_NY17","Female","Warm",11.44,60.5,"New York - Warm"
"445",34,4.857142857,"na","NewYork","N12","SARB","82x81_NY9","Female","Cold",13.17,60,"New York - Cold"
"446",34,4.857142857,"na","NewYork","N12","SARB","82x81_NY11","Female","Cold",15.76,66.5,"New York - Cold"
"447",34,4.857142857,"na","NewYork","N12","SARB","82x81_NY12","Male","Cold",18.18,67.5,"New York - Cold"
"448",32,4.571428571,"na","NewYork","N12","SARB","82x81_NY13","Female","Warm",13.9,63.5,"New York - Warm"
"449",34,4.857142857,"na","NewYork","N12","SARB","82x81_NY15","Female","Cold",14.7,65,"New York - Cold"
"450",32,4.571428571,"na","NewYork","N12","SARB","82x81_NY17","Female","Warm",13.53,64,"New York - Warm"
"451",39,5.571428571,"na","NewYork","N12","SARB","82x81_NY9","Female","Cold",14.66,60,"New York - Cold"
"452",39,5.571428571,"na","NewYork","N12","SARB","82x81_NY11","Female","Cold",18.05,67,"New York - Cold"
"453",39,5.571428571,"na","NewYork","N12","SARB","82x81_NY12","Male","Cold",20.15,69,"New York - Cold"
"454",39,5.571428571,"na","NewYork","N12","SARB","82x81_NY13","Female","Warm",16.24,65,"New York - Warm"
"455",39,5.571428571,"na","NewYork","N12","SARB","82x81_NY15","Female","Cold",15.75,67,"New York - Cold"
"456",39,5.571428571,"na","NewYork","N12","SARB","82x81_NY17","Female","Warm",15.29,66.5,"New York - Warm"
"457",46,6.571428571,"na","NewYork","N12","SARB","82x81_NY9","Female","Cold",14.21,62.5,"New York - Cold"
"458",46,6.571428571,"na","NewYork","N12","SARB","82x81_NY11","Female","Cold",18.45,69,"New York - Cold"
"459",46,6.571428571,"na","NewYork","N12","SARB","82x81_NY12","Male","Cold",20.18,72,"New York - Cold"
"460",46,6.571428571,"na","NewYork","N12","SARB","82x81_NY13","Female","Warm",15.95,67,"New York - Warm"
"461",46,6.571428571,"na","NewYork","N12","SARB","82x81_NY15","Female","Cold",16.42,67.5,"New York - Cold"
"462",46,6.571428571,"na","NewYork","N12","SARB","82x81_NY17","Female","Warm",15.23,68.5,"New York - Warm"
"463",54,7.714285714,"na","NewYork","N12","SARB","82x81_NY9","Female","Cold",14.69,62,"New York - Cold"
"464",54,7.714285714,"na","NewYork","N12","SARB","82x81_NY11","Female","Cold",18.09,69,"New York - Cold"
"465",54,7.714285714,"na","NewYork","N12","SARB","82x81_NY12","Male","Cold",20.5,72.5,"New York - Cold"
"466",54,7.714285714,"na","NewYork","N12","SARB","82x81_NY13","Female","Warm",16.26,68,"New York - Warm"
"467",54,7.714285714,"na","NewYork","N12","SARB","82x81_NY15","Female","Cold",16.68,69,"New York - Cold"
"468",54,7.714285714,"na","NewYork","N12","SARB","82x81_NY17","Female","Warm",15.99,68.5,"New York - Warm"
"469",61,8.714285714,"na","NewYork","N12","SARB","82x81_NY9","Female","Cold",15.85,63.5,"New York - Cold"
"470",61,8.714285714,"na","NewYork","N12","SARB","82x81_NY11","Female","Cold",18.89,71.5,"New York - Cold"
"471",61,8.714285714,"na","NewYork","N12","SARB","82x81_NY12","Male","Cold",21.68,74.5,"New York - Cold"
"472",61,8.714285714,"na","NewYork","N12","SARB","82x81_NY13","Female","Warm",16.52,69,"New York - Warm"
"473",61,8.714285714,"na","NewYork","N12","SARB","82x81_NY15","Female","Cold",17.71,70,"New York - Cold"
"474",61,8.714285714,"na","NewYork","N12","SARB","82x81_NY17","Female","Warm",16.62,69,"New York - Warm"
"475",76,10.85714286,"endexp","NewYork","N12","SARB","82x81_NY9","Female","Cold",15.72,63.5,"New York - Cold"
"476",76,10.85714286,"endexp","NewYork","N12","SARB","82x81_NY11","Female","Cold",19.59,71.5,"New York - Cold"
"477",76,10.85714286,"endexp","NewYork","N12","SARB","82x81_NY12","Male","Cold",23.48,74.5,"New York - Cold"
"478",76,10.85714286,"endexp","NewYork","N12","SARB","82x81_NY13","Female","Warm",16.36,69,"New York - Warm"
"479",76,10.85714286,"endexp","NewYork","N12","SARB","82x81_NY15","Female","Cold",18.88,70,"New York - Cold"
"480",76,10.85714286,"endexp","NewYork","N12","SARB","82x81_NY17","Female","Warm",16.82,70,"New York - Warm"
"481",22,3.142857143,"weaning","Brazil","N11","MANA","193x255_BZ15","Female","Warm",5.11,56,"Brazil - Warm"
"482",25,3.571428571,"startexp","Brazil","N11","MANA","193x255_BZ15","Female","Warm",5.59,56.5,"Brazil - Warm"
"483",32,4.571428571,"na","Brazil","N11","MANA","193x255_BZ15","Female","Warm",6.84,62,"Brazil - Warm"
"484",40,5.714285714,"na","Brazil","N11","MANA","193x255_BZ15","Female","Warm",7.86,65.5,"Brazil - Warm"
"485",46,6.571428571,"na","Brazil","N11","MANA","193x255_BZ15","Female","Warm",8.74,69,"Brazil - Warm"
"486",54,7.714285714,"na","Brazil","N11","MANA","193x255_BZ15","Female","Warm",9.32,73.5,"Brazil - Warm"
"487",61,8.714285714,"na","Brazil","N11","MANA","193x255_BZ15","Female","Warm",9.76,73.5,"Brazil - Warm"
"488",68,9.714285714,"na","Brazil","N11","MANA","193x255_BZ15","Female","Warm",10.22,75,"Brazil - Warm"
"489",22,3.142857143,"weaning","Brazil","N11","MANA","193x255_BZ16","Male","Warm",8.14,68,"Brazil - Warm"
"490",25,3.571428571,"startexp","Brazil","N11","MANA","193x255_BZ16","Male","Warm",8.6,69.5,"Brazil - Warm"
"491",32,4.571428571,"na","Brazil","N11","MANA","193x255_BZ16","Male","Warm",10.73,73,"Brazil - Warm"
"492",40,5.714285714,"na","Brazil","N11","MANA","193x255_BZ16","Male","Warm",11.5,77.5,"Brazil - Warm"
"493",46,6.571428571,"na","Brazil","N11","MANA","193x255_BZ16","Male","Warm",12,81,"Brazil - Warm"
"494",54,7.714285714,"na","Brazil","N11","MANA","193x255_BZ16","Male","Warm",12.81,82.5,"Brazil - Warm"
"495",61,8.714285714,"na","Brazil","N11","MANA","193x255_BZ16","Male","Warm",13.27,84,"Brazil - Warm"
"496",68,9.714285714,"na","Brazil","N11","MANA","193x255_BZ16","Male","Warm",13.17,84,"Brazil - Warm"
"497",22,3.142857143,"weaning","Brazil","N11","MANA","193x255_BZ17","Female","Cold",6.02,56.5,"Brazil - Cold"
"498",25,3.571428571,"startexp","Brazil","N11","MANA","193x255_BZ17","Female","Cold",6.12,60.5,"Brazil - Cold"
"499",32,4.571428571,"na","Brazil","N11","MANA","193x255_BZ17","Female","Cold",7.51,62.5,"Brazil - Cold"
"500",40,5.714285714,"na","Brazil","N11","MANA","193x255_BZ17","Female","Cold",8.24,65.5,"Brazil - Cold"
"501",46,6.571428571,"na","Brazil","N11","MANA","193x255_BZ17","Female","Cold",8.92,67,"Brazil - Cold"
"502",54,7.714285714,"na","Brazil","N11","MANA","193x255_BZ17","Female","Cold",9.07,68.5,"Brazil - Cold"
"503",61,8.714285714,"na","Brazil","N11","MANA","193x255_BZ17","Female","Cold",9.55,69,"Brazil - Cold"
"504",68,9.714285714,"na","Brazil","N11","MANA","193x255_BZ17","Female","Cold",9.79,69.5,"Brazil - Cold"
"505",21,3,"weaning","Brazil","N11","MANA","193x255_BZ19","Female","Cold",6.36,NA,"Brazil - Cold"
"506",26,3.714285714,"startexp","Brazil","N11","MANA","193x255_BZ19","Female","Cold",7.26,62,"Brazil - Cold"
"507",34,4.857142857,"na","Brazil","N11","MANA","193x255_BZ19","Female","Cold",8.72,64.5,"Brazil - Cold"
"508",48,6.857142857,"na","Brazil","N11","MANA","193x255_BZ19","Female","Cold",9.94,67.5,"Brazil - Cold"
"509",61,8.714285714,"na","Brazil","N11","MANA","193x255_BZ19","Female","Cold",10.03,70,"Brazil - Cold"
"510",73,10.42857143,"na","Brazil","N11","MANA","193x255_BZ19","Female","Cold",10.72,NA,"Brazil - Cold"
"511",79,11.28571429,"endexp","Brazil","N11","MANA","193x255_BZ19","Female","Cold",10.86,71,"Brazil - Cold"
"512",21,3,"weaning","Brazil","N11","MANA","193x255_BZ21","Female","Cold",6.6,NA,"Brazil - Cold"
"513",26,3.714285714,"startexp","Brazil","N11","MANA","193x255_BZ21","Female","Cold",7.6,63.5,"Brazil - Cold"
"514",34,4.857142857,"na","Brazil","N11","MANA","193x255_BZ21","Female","Cold",9.26,65,"Brazil - Cold"
"515",48,6.857142857,"na","Brazil","N11","MANA","193x255_BZ21","Female","Cold",11.85,70.5,"Brazil - Cold"
"516",61,8.714285714,"na","Brazil","N11","MANA","193x255_BZ21","Female","Cold",11.32,72.5,"Brazil - Cold"
"517",73,10.42857143,"na","Brazil","N11","MANA","193x255_BZ21","Female","Cold",11.91,NA,"Brazil - Cold"
"518",79,11.28571429,"endexp","Brazil","N11","MANA","193x255_BZ21","Female","Cold",11.83,73,"Brazil - Cold"
"519",21,3,"weaning","Brazil","N11","MANA","193x255_BZ23","Female","Warm",7.27,NA,"Brazil - Warm"
"520",26,3.714285714,"startexp","Brazil","N11","MANA","193x255_BZ23","Female","Warm",8.14,61.5,"Brazil - Warm"
"521",34,4.857142857,"na","Brazil","N11","MANA","193x255_BZ23","Female","Warm",9.22,66.5,"Brazil - Warm"
"522",48,6.857142857,"na","Brazil","N11","MANA","193x255_BZ23","Female","Warm",11.13,73.5,"Brazil - Warm"
"523",61,8.714285714,"na","Brazil","N11","MANA","193x255_BZ23","Female","Warm",11.63,77,"Brazil - Warm"
"524",73,10.42857143,"na","Brazil","N11","MANA","193x255_BZ23","Female","Warm",11.44,NA,"Brazil - Warm"
"525",79,11.28571429,"endexp","Brazil","N11","MANA","193x255_BZ23","Female","Warm",11.79,77.5,"Brazil - Warm"
"526",23,3.285714286,"weaning","Brazil","N11","MANA","193x255_BZ18","Male","Warm",6.23,NA,"Brazil - Warm"
"527",25,3.571428571,"startexp","Brazil","N11","MANA","193x255_BZ18","Male","Warm",6.29,61.5,"Brazil - Warm"
"528",39,5.571428571,"na","Brazil","N11","MANA","193x255_BZ18","Male","Warm",9.76,70,"Brazil - Warm"
"529",47,6.714285714,"na","Brazil","N11","MANA","193x255_BZ18","Male","Warm",10.31,75.5,"Brazil - Warm"
"530",54,7.714285714,"na","Brazil","N11","MANA","193x255_BZ18","Male","Warm",10.38,75.5,"Brazil - Warm"
"531",69,9.857142857,"na","Brazil","N11","MANA","193x255_BZ18","Male","Warm",10.91,NA,"Brazil - Warm"
"532",71,10.14285714,"endexp","Brazil","N11","MANA","193x255_BZ18","Male","Warm",10.92,80,"Brazil - Warm"
"533",23,3.285714286,"weaning","Brazil","N11","MANA","193x255_BZ20","Male","Cold",6.72,NA,"Brazil - Cold"
"534",25,3.571428571,"startexp","Brazil","N11","MANA","193x255_BZ20","Male","Cold",6.81,64,"Brazil - Cold"
"535",39,5.571428571,"na","Brazil","N11","MANA","193x255_BZ20","Male","Cold",11.28,68,"Brazil - Cold"
"536",47,6.714285714,"na","Brazil","N11","MANA","193x255_BZ20","Male","Cold",11.2,69,"Brazil - Cold"
"537",54,7.714285714,"na","Brazil","N11","MANA","193x255_BZ20","Male","Cold",11.35,72.5,"Brazil - Cold"
"538",69,9.857142857,"na","Brazil","N11","MANA","193x255_BZ20","Male","Cold",12.18,NA,"Brazil - Cold"
"539",71,10.14285714,"endexp","Brazil","N11","MANA","193x255_BZ20","Male","Cold",12.29,74,"Brazil - Cold"
"540",23,3.285714286,"weaning","Brazil","N11","MANA","193x255_BZ25","Female","Cold",6.9,NA,"Brazil - Cold"
"541",25,3.571428571,"startexp","Brazil","N11","MANA","193x255_BZ25","Female","Cold",7.24,65.5,"Brazil - Cold"
"542",39,5.571428571,"na","Brazil","N11","MANA","193x255_BZ25","Female","Cold",10.54,67.5,"Brazil - Cold"
"543",47,6.714285714,"na","Brazil","N11","MANA","193x255_BZ25","Female","Cold",11.13,72,"Brazil - Cold"
"544",54,7.714285714,"na","Brazil","N11","MANA","193x255_BZ25","Female","Cold",10.92,73.5,"Brazil - Cold"
"545",69,9.857142857,"na","Brazil","N11","MANA","193x255_BZ25","Female","Cold",11.72,NA,"Brazil - Cold"
"546",71,10.14285714,"endexp","Brazil","N11","MANA","193x255_BZ25","Female","Cold",11.62,75.5,"Brazil - Cold"
"547",23,3.285714286,"weaning","Brazil","N11","MANA","193x255_BZ27","Female","Warm",7.56,NA,"Brazil - Warm"
"548",25,3.571428571,"startexp","Brazil","N11","MANA","193x255_BZ27","Female","Warm",7.71,67,"Brazil - Warm"
"549",39,5.571428571,"na","Brazil","N11","MANA","193x255_BZ27","Female","Warm",10.01,74,"Brazil - Warm"
"550",47,6.714285714,"na","Brazil","N11","MANA","193x255_BZ27","Female","Warm",11.16,77.5,"Brazil - Warm"
"551",54,7.714285714,"na","Brazil","N11","MANA","193x255_BZ27","Female","Warm",11.63,78,"Brazil - Warm"
"552",69,9.857142857,"na","Brazil","N11","MANA","193x255_BZ27","Female","Warm",11.66,NA,"Brazil - Warm"
"553",71,10.14285714,"endexp","Brazil","N11","MANA","193x255_BZ27","Female","Warm",10.87,80.5,"Brazil - Warm"
"554",23,3.285714286,"weaning","Brazil","N11","MANA","193x255_BZ29","Female","Cold",6.78,NA,"Brazil - Cold"
"555",25,3.571428571,"startexp","Brazil","N11","MANA","193x255_BZ29","Female","Cold",6.73,NA,"Brazil - Cold"
"556",39,5.571428571,"na","Brazil","N11","MANA","193x255_BZ29","Female","Cold",9.89,NA,"Brazil - Cold"
"557",47,6.714285714,"na","Brazil","N11","MANA","193x255_BZ29","Female","Cold",10.83,NA,"Brazil - Cold"
"558",54,7.714285714,"na","Brazil","N11","MANA","193x255_BZ29","Female","Cold",10.67,NA,"Brazil - Cold"
"559",69,9.857142857,"na","Brazil","N11","MANA","193x255_BZ29","Female","Cold",11.53,NA,"Brazil - Cold"
"560",71,10.14285714,"endexp","Brazil","N11","MANA","193x255_BZ29","Female","Cold",11.34,73,"Brazil - Cold"
"561",25,3.571428571,"startexp","Brazil","N11","MANA","193x255_BZ22","Male","Warm",6.96,59,"Brazil - Warm"
"562",39,5.571428571,"na","Brazil","N11","MANA","193x255_BZ22","Male","Warm",11.01,71,"Brazil - Warm"
"563",48,6.857142857,"na","Brazil","N11","MANA","193x255_BZ22","Male","Warm",11.34,75,"Brazil - Warm"
"564",55,7.857142857,"na","Brazil","N11","MANA","193x255_BZ22","Male","Warm",12.05,75,"Brazil - Warm"
"565",68,9.714285714,"na","Brazil","N11","MANA","193x255_BZ22","Male","Warm",12.52,79,"Brazil - Warm"
"566",22,3.142857143,"weaning","Brazil","N11","SARA","19x13_NY11","Female","Cold",7.24,48,"Brazil - Cold"
"567",25,3.571428571,"startexp","Brazil","N11","SARA","19x13_NY11","Female","Cold",9.04,50.5,"Brazil - Cold"
"568",33,4.714285714,"na","NewYork","N11","SARA","19x13_NY11","Female","Cold",12.04,56.5,"New York - Cold"
"569",46,6.571428571,"na","NewYork","N11","SARA","19x13_NY11","Female","Cold",14.49,63.5,"New York - Cold"
"570",60,8.571428571,"na","NewYork","N11","SARA","19x13_NY11","Female","Cold",14.92,67.5,"New York - Cold"
"571",69,9.857142857,"na","NewYork","N11","SARA","19x13_NY11","Female","Cold",15.39,69,"New York - Cold"
"572",74,10.57142857,"endexp","NewYork","N11","SARA","19x13_NY11","Female","Cold",14.6,69,"New York - Cold"
"573",22,3.142857143,"weaning","NewYork","N11","SARA","19x13_NY13","Female","Cold",6.93,48,"New York - Cold"
"574",25,3.571428571,"startexp","NewYork","N11","SARA","19x13_NY13","Female","Cold",8.77,49,"New York - Cold"
"575",33,4.714285714,"na","NewYork","N11","SARA","19x13_NY13","Female","Cold",11.26,55,"New York - Cold"
"576",46,6.571428571,"na","NewYork","N11","SARA","19x13_NY13","Female","Cold",13.34,62.5,"New York - Cold"
"577",60,8.571428571,"na","NewYork","N11","SARA","19x13_NY13","Female","Cold",13.57,64.5,"New York - Cold"
"578",69,9.857142857,"na","NewYork","N11","SARA","19x13_NY13","Female","Cold",14.36,66,"New York - Cold"
"579",74,10.57142857,"endexp","NewYork","N11","SARA","19x13_NY13","Female","Cold",13.62,66,"New York - Cold"
"580",22,3.142857143,"weaning","NewYork","N11","SARA","19x13_NY14","Male","Cold",7.04,48,"New York - Cold"
"581",25,3.571428571,"startexp","NewYork","N11","SARA","19x13_NY14","Male","Cold",9.38,51.5,"New York - Cold"
"582",33,4.714285714,"na","NewYork","N11","SARA","19x13_NY14","Male","Cold",12.35,56,"New York - Cold"
"583",46,6.571428571,"na","NewYork","N11","SARA","19x13_NY14","Male","Cold",15.13,65,"New York - Cold"
"584",60,8.571428571,"na","NewYork","N11","SARA","19x13_NY14","Male","Cold",15.58,68.5,"New York - Cold"
"585",69,9.857142857,"na","NewYork","N11","SARA","19x13_NY14","Male","Cold",15.75,69.5,"New York - Cold"
"586",74,10.57142857,"endexp","NewYork","N11","SARA","19x13_NY14","Male","Cold",15.52,69.5,"New York - Cold"
"587",22,3.142857143,"weaning","NewYork","N11","SARA","19x13_NY15","Female","Warm",6.77,46.5,"New York - Warm"
"588",25,3.571428571,"startexp","NewYork","N11","SARA","19x13_NY15","Female","Warm",7.9,49.5,"New York - Warm"
"589",33,4.714285714,"na","NewYork","N11","SARA","19x13_NY15","Female","Warm",9.87,57,"New York - Warm"
"590",46,6.571428571,"na","NewYork","N11","SARA","19x13_NY15","Female","Warm",10.81,65,"New York - Warm"
"591",60,8.571428571,"na","NewYork","N11","SARA","19x13_NY15","Female","Warm",12.52,66.5,"New York - Warm"
"592",69,9.857142857,"na","NewYork","N11","SARA","19x13_NY15","Female","Warm",12.55,67.5,"New York - Warm"
"593",74,10.57142857,"endexp","NewYork","N11","SARA","19x13_NY15","Female","Warm",11.32,67.5,"New York - Warm"
"594",26,3.714285714,"startexp","NewYork","N11","SARA","19x13_NY16","Male","Cold",9.91,53.5,"New York - Cold"
"595",32,4.571428571,"na","NewYork","N11","SARA","19x13_NY16","Male","Cold",12.85,58.5,"New York - Cold"
"596",40,5.714285714,"na","NewYork","N11","SARA","19x13_NY16","Male","Cold",15.08,63,"New York - Cold"
"597",48,6.857142857,"na","NewYork","N11","SARA","19x13_NY16","Male","Cold",15.25,60,"New York - Cold"
"598",60,8.571428571,"na","NewYork","N11","SARA","19x13_NY16","Male","Cold",15.85,67.5,"New York - Cold"
"599",68,9.714285714,"na","NewYork","N11","SARA","19x13_NY16","Male","Cold",16.61,68,"New York - Cold"
"600",77,11,"endexp","NewYork","N11","SARA","19x13_NY16","Male","Cold",16.2,68,"New York - Cold"
"601",26,3.714285714,"startexp","NewYork","N11","SARA","19x13_NY17","Female","Cold",8.61,53.5,"New York - Cold"
"602",32,4.571428571,"na","NewYork","N11","SARA","19x13_NY17","Female","Cold",10.04,55,"New York - Cold"
"603",40,5.714285714,"na","NewYork","N11","SARA","19x13_NY17","Female","Cold",11.25,58,"New York - Cold"
"604",48,6.857142857,"na","NewYork","N11","SARA","19x13_NY17","Female","Cold",12.35,59,"New York - Cold"
"605",60,8.571428571,"na","NewYork","N11","SARA","19x13_NY17","Female","Cold",12.46,64,"New York - Cold"
"606",68,9.714285714,"na","NewYork","N11","SARA","19x13_NY17","Female","Cold",13.03,65,"New York - Cold"
"607",77,11,"endexp","NewYork","N11","SARA","19x13_NY17","Female","Cold",12.78,66.5,"New York - Cold"
"608",26,3.714285714,"startexp","NewYork","N11","SARA","19x13_NY18","Male","Warm",9.32,53.5,"New York - Warm"
"609",32,4.571428571,"na","NewYork","N11","SARA","19x13_NY18","Male","Warm",11.16,58,"New York - Warm"
"610",40,5.714285714,"na","NewYork","N11","SARA","19x13_NY18","Male","Warm",13.46,62.5,"New York - Warm"
"611",48,6.857142857,"na","NewYork","N11","SARA","19x13_NY18","Male","Warm",15.14,65.5,"New York - Warm"
"612",60,8.571428571,"na","NewYork","N11","SARA","19x13_NY18","Male","Warm",16.37,69,"New York - Warm"
"613",68,9.714285714,"na","NewYork","N11","SARA","19x13_NY18","Male","Warm",16.98,69,"New York - Warm"
"614",77,11,"endexp","NewYork","N11","SARA","19x13_NY18","Male","Warm",16,69,"New York - Warm"
"615",25,3.571428571,"startexp","Brazil","N11","MANA","193x255_BZ31","Female","Warm",7,64,"Brazil - Warm"
"616",34,4.857142857,"na","Brazil","N11","MANA","193x255_BZ31","Female","Warm",8.66,70.5,"Brazil - Warm"
"617",39,5.571428571,"na","Brazil","N11","MANA","193x255_BZ31","Female","Warm",9.4,73.5,"Brazil - Warm"
"618",46,6.571428571,"na","Brazil","N11","MANA","193x255_BZ31","Female","Warm",9.43,74.5,"Brazil - Warm"
"619",60,8.571428571,"na","Brazil","N11","MANA","193x255_BZ31","Female","Warm",10.12,75.5,"Brazil - Warm"
"620",69,9.857142857,"na","Brazil","N11","MANA","193x255_BZ31","Female","Warm",11.71,76,"Brazil - Warm"
"621",74,10.57142857,"endexp","Brazil","N11","MANA","193x255_BZ31","Female","Warm",11.61,79,"Brazil - Warm"
"622",25,3.571428571,"startexp","Brazil","N11","MANA","193x255_BZ33","Female","Cold",7.13,58.5,"Brazil - Cold"
"623",34,4.857142857,"na","Brazil","N11","MANA","193x255_BZ33","Female","Cold",9.75,65,"Brazil - Cold"
"624",39,5.571428571,"na","Brazil","N11","MANA","193x255_BZ33","Female","Cold",10.33,66.5,"Brazil - Cold"
"625",46,6.571428571,"na","Brazil","N11","MANA","193x255_BZ33","Female","Cold",10.29,70,"Brazil - Cold"
"626",60,8.571428571,"na","Brazil","N11","MANA","193x255_BZ33","Female","Cold",11.68,NA,"Brazil - Cold"
"627",69,9.857142857,"na","Brazil","N11","MANA","193x255_BZ33","Female","Cold",11.11,NA,"Brazil - Cold"
"628",74,10.57142857,"endexp","Brazil","N11","MANA","193x255_BZ33","Female","Cold",11.81,71,"Brazil - Cold"
"629",26,3.714285714,"startexp","Brazil","N11","MANA","193x255_BZ26","Male","Cold",7.19,65,"Brazil - Cold"
"630",32,4.571428571,"na","Brazil","N11","MANA","193x255_BZ26","Male","Cold",8.68,65.5,"Brazil - Cold"
"631",41,5.857142857,"na","Brazil","N11","MANA","193x255_BZ26","Male","Cold",10.3,67,"Brazil - Cold"
"632",53,7.571428571,"na","Brazil","N11","MANA","193x255_BZ26","Male","Cold",11.47,72,"Brazil - Cold"
"633",60,8.571428571,"na","Brazil","N11","MANA","193x255_BZ26","Male","Cold",12.18,72,"Brazil - Cold"
"634",76,10.85714286,"na","Brazil","N11","MANA","193x255_BZ26","Male","Cold",12.12,NA,"Brazil - Cold"
"635",80,11.42857143,"endexp","Brazil","N11","MANA","193x255_BZ26","Male","Cold",12.87,72.5,"Brazil - Cold"
"636",26,3.714285714,"startexp","Brazil","N11","MANA","193x255_BZ28","Male","Cold",7.91,63.5,"Brazil - Cold"
"637",32,4.571428571,"na","Brazil","N11","MANA","193x255_BZ28","Male","Cold",9.5,65,"Brazil - Cold"
"638",41,5.857142857,"na","Brazil","N11","MANA","193x255_BZ28","Male","Cold",11.11,68.5,"Brazil - Cold"
"639",53,7.571428571,"na","Brazil","N11","MANA","193x255_BZ28","Male","Cold",11.86,71,"Brazil - Cold"
"640",60,8.571428571,"na","Brazil","N11","MANA","193x255_BZ28","Male","Cold",12.82,74.5,"Brazil - Cold"
"641",76,10.85714286,"na","Brazil","N11","MANA","193x255_BZ28","Male","Cold",13.88,NA,"Brazil - Cold"
"642",79,11.28571429,"endexp","Brazil","N11","MANA","193x255_BZ28","Male","Cold",14.05,75,"Brazil - Cold"
"643",26,3.714285714,"startexp","Brazil","N11","MANA","193x255_BZ30","Male","Warm",8.12,69,"Brazil - Warm"
"644",32,4.571428571,"na","Brazil","N11","MANA","193x255_BZ30","Male","Warm",9.79,71.5,"Brazil - Warm"
"645",41,5.857142857,"na","Brazil","N11","MANA","193x255_BZ30","Male","Warm",11.06,76.5,"Brazil - Warm"
"646",53,7.571428571,"na","Brazil","N11","MANA","193x255_BZ30","Male","Warm",11.63,81,"Brazil - Warm"
"647",60,8.571428571,"na","Brazil","N11","MANA","193x255_BZ30","Male","Warm",12.58,82,"Brazil - Warm"
"648",76,10.85714286,"na","Brazil","N11","MANA","193x255_BZ30","Male","Warm",13.93,NA,"Brazil - Warm"
"649",79,11.28571429,"endexp","Brazil","N11","MANA","193x255_BZ30","Male","Warm",14.05,83,"Brazil - Warm"
"650",25,3.571428571,"startexp","NewYork","N12","SARA","19x13_NY23","Female","Cold",10.29,63.5,"New York - Cold"
"651",34,4.857142857,"na","NewYork","N12","SARA","19x13_NY23","Female","Cold",14.61,69,"New York - Cold"
"652",40,5.714285714,"na","NewYork","N12","SARA","19x13_NY23","Female","Cold",16,71,"New York - Cold"
"653",46,6.571428571,"na","NewYork","N12","SARA","19x13_NY23","Female","Cold",15.98,72,"New York - Cold"
"654",54,7.714285714,"na","NewYork","N12","SARA","19x13_NY23","Female","Cold",15.71,73.5,"New York - Cold"
"655",75,10.71428571,"endexp","NewYork","N12","SARA","19x13_NY23","Female","Cold",16.69,74.5,"New York - Cold"
"656",25,3.571428571,"startexp","NewYork","N12","SARA","19x13_NY24","Male","Warm",10.69,57.5,"New York - Warm"
"657",34,4.857142857,"na","NewYork","N12","SARA","19x13_NY24","Male","Warm",15.6,70.5,"New York - Warm"
"658",40,5.714285714,"na","NewYork","N12","SARA","19x13_NY24","Male","Warm",17.12,71.5,"New York - Warm"
"659",46,6.571428571,"na","NewYork","N12","SARA","19x13_NY24","Male","Warm",15.81,70.5,"New York - Warm"
"660",54,7.714285714,"na","NewYork","N12","SARA","19x13_NY24","Male","Warm",16.44,73,"New York - Warm"
"661",73,10.42857143,"endexp","NewYork","N12","SARA","19x13_NY24","Male","Warm",17.95,73,"New York - Warm"
"662",25,3.571428571,"startexp","NewYork","N12","SARA","19x13_NY25","Female","Warm",8.93,59,"New York - Warm"
"663",34,4.857142857,"na","NewYork","N12","SARA","19x13_NY25","Female","Warm",12.28,66.5,"New York - Warm"
"664",40,5.714285714,"na","NewYork","N12","SARA","19x13_NY25","Female","Warm",13.09,67.5,"New York - Warm"
"665",46,6.571428571,"na","NewYork","N12","SARA","19x13_NY25","Female","Warm",12.86,68.5,"New York - Warm"
"666",54,7.714285714,"na","NewYork","N12","SARA","19x13_NY25","Female","Warm",13.12,68.5,"New York - Warm"
"667",75,10.71428571,"endexp","NewYork","N12","SARA","19x13_NY25","Female","Warm",14.08,70.5,"New York - Warm"
"668",25,3.571428571,"startexp","NewYork","N12","SARA","19x13_NY26","Male","Cold",10.61,65,"New York - Cold"
"669",34,4.857142857,"na","NewYork","N12","SARA","19x13_NY26","Male","Cold",12.99,68,"New York - Cold"
"670",40,5.714285714,"na","NewYork","N12","SARA","19x13_NY26","Male","Cold",13.82,69,"New York - Cold"
"671",46,6.571428571,"na","NewYork","N12","SARA","19x13_NY26","Male","Cold",14.65,70.5,"New York - Cold"
"672",54,7.714285714,"na","NewYork","N12","SARA","19x13_NY26","Male","Cold",14.98,72,"New York - Cold"
"673",73,10.42857143,"endexp","NewYork","N12","SARA","19x13_NY26","Male","Cold",17.3,73,"New York - Cold"
"674",25,3.571428571,"startexp","NewYork","N12","SARA","19x13_NY32","Male","Cold",9.63,60.5,"New York - Cold"
"675",32,4.571428571,"na","NewYork","N12","SARA","19x13_NY32","Male","Cold",13.56,67,"New York - Cold"
"676",45,6.428571429,"na","NewYork","N12","SARA","19x13_NY32","Male","Cold",17.52,NA,"New York - Cold"
"677",82,11.71428571,"endexp","NewYork","N12","SARA","19x13_NY32","Male","Cold",17.44,73,"New York - Cold"
"678",25,3.571428571,"startexp","NewYork","N12","SARA","19x13_NY33","Female","Warm",10.62,61,"New York - Warm"
"679",32,4.571428571,"na","NewYork","N12","SARA","19x13_NY33","Female","Warm",12.61,65,"New York - Warm"
"680",45,6.428571429,"na","NewYork","N12","SARA","19x13_NY33","Female","Warm",14.24,NA,"New York - Warm"
"681",82,11.71428571,"endexp","NewYork","N12","SARA","19x13_NY33","Female","Warm",17.23,72,"New York - Warm"
"682",25,3.571428571,"startexp","NewYork","N12","SARA","19x13_NY34","Male","Warm",9.22,58,"New York - Warm"
"683",32,4.571428571,"na","NewYork","N12","SARA","19x13_NY34","Male","Warm",11.1,64,"New York - Warm"
"684",45,6.428571429,"na","NewYork","N12","SARA","19x13_NY34","Male","Warm",12.63,NA,"New York - Warm"
"685",82,11.71428571,"endexp","NewYork","N12","SARA","19x13_NY34","Male","Warm",16.31,72,"New York - Warm"
